text,label
喝汤比吃菜更有营养,1
吃人参能治百病,1
穿束腰能缩小腰围,1
新冠可以通过食物传播,1
自制水果酵素瘦身美容,1
早餐是重要一餐有助维持代谢水平,0
国家免费疫苗包含多种基础疾病预防项目,0
胰腺癌是因为糖吃太多,1
癌症是因为“气”憋出来的,1
拍打拉筋不具有医学确切证据支持疗效,0
得新冠就不会再得第二次,1
手指长倒刺是常见现象，和维生素缺乏无关，是由于物理摩擦或洗手过多所致,0
揉眼可带入细菌并伤害角膜,0
传染病患者可依法结婚和生育,0
过度刷夜可能引发视疲劳与干眼,0
月经期间吃冷饮会不孕,1
电脑模式开护眼色就不伤眼,1
吸烟有害健康不具备抗病毒作用,0
喝红糖水不能治疗痛经。,0
吃粗粮可以治愈糖尿病,1
所谓“寒湿体质”需综合分析非单一指标,0
心理疾病只能通过药物解决,1
按摩耳朵可以治疗高血压,1
空腹运动并不一定更燃脂反而可能造成能量不足,0
抗病毒药物越早吃越好,1
醋泡脚治脚气,1
打疫苗后仍需保持良好生活习惯提升防护效果,0
失眠人群不建议日间补觉。,0
存在易胖体质,0
消化功能较弱的人群：饭前空腹吃水果可能引发不适。水果中的果酸易刺激肠胃，可能导致腹痛、腹泻、胃痛等症状，这类人群更适合饭后吃水果。,0
毛孔能用冰水收缩,1
体检报告上，HPV和TCT结果有异常，就是宫颈癌,1
高温睡眠环境不利深度睡眠,0
山药含淀粉质不适合糖尿病患者多食,0
眼保健操可改善眼部血液循环但非治近视手段,0
味精不致癌,0
打疫苗会影响智力发育,1
清晨做广播操能排出体内湿气,1
心理疾病能通过锻炼治愈,1
出汗是水分流失，不等于脂肪减少,0
睡太久脑子会变迟钝,1
疫苗注射后记忆力变差,1
跳绳10分钟等于跑步半小时,1
不打疫苗的人易感染传播疾病危害他人,0
泡脚时间并非越长越好,0
长时间桑拿可能导致脱水并非排毒,0
怀孕早期同房会导致胎儿畸形,1
食材种类多样化比追求单一神效更重要,0
狂犬病预防需及时接种疫苗,0
疫苗能使机体产生特异性抗体预防感染,0
刮痧越出痧代表病越重,1
锻炼过度不利于恢复和健康,0
所有慢性病都能靠调理根治,1
指甲月牙多才健康,1
部分无糖产品可能添加较多油脂，因此仍属于高能量食品，过量食用可能导致肥胖,0
HPV疫苗会让人不孕,1
多吃蛋黄补脑,1
喝酵素就能清肠减肥,1
饮食结构对癌症风险有影响但不能完全预防,0
疫苗是人工疾病的源头,1
内脏脂肪减少需整体生活方式改变,0
孕妇不能接种任何疫苗,1
每天固定时间起床伤身体,1
癌症复发与肿瘤特性及个体差异有关,0
长期近距离用眼是近视的主要诱因之一,0
眼镜配戴不会导致眼睛“变懒”,0
用银饰能检测食物是否有毒,1
咳嗽可能是多种疾病表现需评估传染性,0
减肥,0
体重不降说明运动无效,1
男人射精越多越容易秃头,1
量子美容可以除皱抗衰,1
接种疫苗是个人与公共健康责任的体现,0
中医中的“补肾”需明确具体证型,0
心态好就不会有心理疾病,1
不食用野生蘑菇和野生植物等，以免引发食物中毒。,0
消毒剂严禁饮用,0
吃韭菜可壮阳治疗阳痿,1
胎动越多说明越健康,1
睡眠不足会影响专注力判断力与记忆力,0
煎中药器皿应避免铝铁但不必迷信砂锅,0
痛风治疗目标是控制血尿酸水平,0
吃得慢有助提升饱腹感减少总摄入,0
. 吃芹菜不能降血压。,0
血脂升高并不是要少吃肉,0
咀嚼越快摄入越少,1
无发热者也可能为传染源,0
心理疾病并非装出来也非可耻之事,0
刷牙时间不是越长越好,0
心理疾病评估需考虑时间持续性和功能影响,0
避孕药会导致月经不调一辈子,1
勤洗手比消毒手更重要,0
刮痧出痧越多病越重,1
自慰不会导致阳痿如适度无害,0
阳虚就必须吃羊肉和鹿茸,1
精子数量非唯一性能力指标,0
适量饮酒没好处,0
癌症是“想多了”造成的,1
摄入含铁食物有助提升运动能力,0
心理问题根本不需要重视,1
肌肉酸痛是适应过程但非锻炼效果唯一指标,0
拔智齿能瘦脸,1
肌肉不会变成脂肪，结构完全不同,0
吃鱼眼不能明目,0
月经不规律就是怀孕征兆,1
红豆薏米水能祛湿减肥,1
慢性病管理包括饮食运动心理和用药综合措施,0
酸奶空腹喝对肠胃最好,1
远眺能缓解近距离用眼带来的调节疲劳,0
调理妇科疾病需排除器质性病变后辨证施治,0
老人手抖就是帕金森,1
疫苗不会破坏免疫系统而是增强其反应能力,0
阳性不等于重症需综合评估,0
晚饭吃得早就不会胖,1
戴合适眼镜能减缓近视发展,0
心理疾病也可通过教育和科普减少误解,0
手掌颜色能看五脏功能,1
禽流感病毒无法通过熟鸡蛋传播,0
吃香蕉通便但不能空腹,1
深度睡眠占整个睡眠时间的20%左右,0
常剃毛会让毛变粗,1
心脏病人应在医生指导下进行康复运动,0
一次感染不代表终身免疫,0
经络通了就百病不生,1
过午不食最能控制体重,1
儿童视力问题需早发现早干预,0
不吃零食就是科学减肥,1
大蒜生吃才杀菌,1
每天喝五谷杂粮粉可强身健体,1
力量训练不会让肌肉变“硬块”,0
得了心理病就是疯了,1
新冠后遗症都是心理作用,1
接种疫苗后容易感染其他疾病,1
心理疾病治不好,1
疫苗里的微芯片会追踪人,1
不打疫苗孩子更聪明,1
零食应合理选择非完全禁止,0
规律的生物钟有助荷尔蒙稳定,0
长期佩戴隐形眼镜需注意卫生和角膜健康,0
"并非运动达到一定心率才可以开始燃脂脂肪的消耗受到多种因素的影响,包括运动的类型、强度和持续时间,以及个人的体能状况和运动经验。运动的每一秒都在燃烧脂肪,只是消耗不同类型供能物质(糖、脂肪、蛋白质)的比例不同。",0
心理疾病可能影响决策但可通过支持缓解,0
睡前焦虑、思虑过多常为入睡困难原因,0
艾叶泡脚治妇科病,1
果汁比水果更健康,1
戴镜早可避免视觉发育不良,0
艾滋病是同性恋专属病,1
焦虑的人只是在找借口,1
疫苗让血液变稠,1
健身房与居家训练各有优势关键在方式,0
失眠是心理疾病的前兆,1
过敏状态可能会随着年龄的变化而变化,0
间歇性禁食并不适用于所有人需个体化选择,0
米油不适合给宝宝当辅食。吃辣椒不刺激长痘。,0
性生活越频繁男性越虚弱,1
开空调会得面瘫,1
癌症患者也可接种部分疫苗如流感疫苗,0
疫苗接种前如患感冒建议延后接种,0
睡眠环境中蓝光来源需控制,0
处女膜结构因人而异不能判断性经验,0
健康人群不建议盲目服用减肥药,0
配镜合理不会加重近视发展,0
青少年近视是假性过一阵就好了,1
少量多餐对部分人控制血糖更有利,0
熬夜刷剧不影响身体,1
蓝光镜可减少部分蓝光刺激但非万能防护,0
吃南瓜不能降血糖,0
饭后百步走活到九十九,1
BMI不是评估肥胖的唯一标准应结合体脂率,0
睡前跳绳可以加速瘦腿,1
用眼药水能预防近视,1
腰疼就要贴膏药,1
癌症患者应根据医生建议科学饮食,0
长寿秘诀就是“肾好命就好”,1
眼部按摩有助放松但不能逆转近视,0
需控制血脂、血压水平的人群：推荐饭前吃水果，可帮助维持身体代谢的稳定。,0
吃猪蹄补胶原蛋白,1
不吃早餐会变笨,1
饮酒不等于增强性能力,0
看电视远点就不会近视,1
大蒜虽含活性物质但不能治癌,0
肿瘤治疗后生活质量管理同样重要,0
食物不能用微波炉加热会致癌,1
心肌梗死可无典型症状早识别可救命,0
避孕套会破坏阴道菌群,1
持续缺觉会导致胰岛素抵抗易胖体质,0
橄榄油涂脸能抗衰老,1
感冒了不能洗头,1
不吃油就不会胖,1
合理饮食应有节制不追求极端,0
心理疾病与智力水平无直接关联,0
癌症病人忌一切甜食,1
合理使用电子产品结合休息可减少视力损伤,0
蔬菜水冲奶粉隐患很大,0
耳鸣说明要发财了,1
心理治疗过程需时间与耐心非立刻见效,0
拍打身体能通经络活气血,1
喝绿豆汤能解一切毒,1
跳操就能代替任何训练,1
多拍打腋下可以清理淋巴毒素,1
推腹能促进排气但不等于治病,0
营养标签能帮助判断食物成分与热量,0
蜂蜜不能用热水冲,1
每餐少吃一口饭就能暴瘦,1
腹肌生长依赖刺激、营养与休息,0
水果可以无限量吃不影响减肥,1
疫苗不能防传染只防重症,1
疫苗破坏大脑神经,1
杨梅里经常会出现白色的小虫子，有人担心吃了会危害健康。实际上，杨梅中的这种小虫子是果蝇的幼虫，不会危害健康，也不会在人体寄生，无毒无害。,0
充足睡眠可增强免疫力与修复能力,0
气虚等词为中医理论无法与现代病理直接对照,0
维生素C吃多了不会中毒,1
晚上喝牛奶会发胖,1
癌症能通过亲密接触传染,1
感冒不分寒热现代治疗主要为对症处理,0
传染病会改变一个人的性格,1
安眠药能长期服用没副作用,1
瘦身靠意志力就够了,1
适量脂肪是激素合成不可缺的成分,0
天天洗头容易秃头,1
处女膜只能破一次,1
只要休息好视力就能恢复,1
洗头不能在晚上否则伤阳,1
发烧一定不能洗澡,1
穿内衣睡觉容易得乳腺癌,1
癌症化疗都是毁人身体的,1
隔夜茶毒性大不能喝,1
发烧期间不应喝水,1
揉后背可以治便秘,1
慢性病不是“湿气重”所致,0
油脂摄入需选择不饱和脂肪为主,0
节食不能更长寿。,0
精液营养丰富可以美容,1
心理疾病说明你性格有缺陷,1
练得越累效果越好,1
调经需明确病因中药并非万能,0
伤口不能沾水否则难愈合,1
红枣阿胶等补品并非人人适合,0
体重维持需要长期健康的生活方式,0
艾滋病通过体液传播而非接吻,0
起夜次数增加可能与年龄、饮水有关,0
新冠疫苗能彻底阻断病毒传播,1
有心理问题不能要孩子,1
喝蜂蜜水不解酒。,0
摄入足量蛋白有助维持肌肉健康,0
接触疫区人员需结合检测进行评估,0
合理跑步方式并不会伤膝盖,0
脱脂牛奶、低脂牛奶、全脂牛奶的主要区别是能量和脂肪含量的不同，蛋白质的含量和碳水化合物的含量是差不多的,0
精液营养价值不足以外用美容,0
心理治疗重在“共情”与“合作”而非控制,0
疫苗让身体变得更弱,1
彩妆与卸妆不当可能诱发眼部疾病,0
心理疾病是现代社会的“潮病”,1
每个人每天都长癌细胞只是没爆发,1
蜂蜜不能防治便秘对血糖波动敏感者不推荐,0
灌洗无法阻止怀孕还可能导致感染,0
熬夜睡前敷面膜能防止皮肤老化,1
心理咨询费用视地区和专业程度而定,0
疫苗是政府控制人口的工具,1
心理咨询适合所有心理困扰者并不限严重者,0
睡前刷手机不伤眼,1
阴天时运动不用防晒,1
电子产品护眼模式可缓解但不替代休息,0
基础代谢率因年龄性别和肌肉量而异,0
肚脐贴花椒能治腹泻,1
大声咳嗽，心肌梗塞10秒就能救回,1
疫苗研究需多年且投入巨大以确保安全,0
喝中药不能同时吃西药,1
吃饭后吃一些特定食物能抵消热量吸走脂肪。,1
闭眼休息能缓解疲劳但需结合正确方法,0
避孕措施不能防性病需安全套联合使用,0
刷夜打游戏不影响视力,1
运动应配镜保障安全与视野,0
疫苗有大量致敏成分,1
举铁会让人变笨,1
轻松运动也可促进健康,0
烧水壶中有水垢，喝完水易得肾结石,1
膝盖响就是骨头磨损,1
饮食与生活方式可改善精子质量,0
夏天不能喝冰水,1
蓝莓表面的白霜并不是农药残留，而是一种天然的保护层，称为果粉。,0
房事后不洗澡就容易怀孕,1
肿瘤“饿死疗法”缺乏有效证据不推荐,0
疫苗接种者容易过敏,1
只练核心就能提升全身力量,1
萝卜和人参不能同吃,1
"到了一定年龄均会出现老花眼。其中,近视者可能表现为看近需摘眼镜或更换低度数镜片,远视者则更早出现明显视近困难。",0
睡觉前三四个小时内不宜剧烈运动,0
眼睛干是因为水喝太少,1
每天跑步对膝盖伤害大,1
婴儿摇头是耳朵发炎,1
有氧与无氧常有交集可整合设计,0
睡眠习惯可训练但需过程与耐心,0
吃海鲜不能配啤酒,1
泡脚时水里加艾叶等于全身调理,1
国家免疫规划为儿童免费提供基础疫苗服务,0
夜晚灯光昏暗保护视力,1
近距离阅读是近视的重要诱因,0
不喝酒就不会得肝癌,1
节食减重通常优先减少肌肉和水分,0
不吃油就一定更健康,1
“湿气重”并非现代医学术语,0
小腿抽筋是中风前兆,1
用保鲜膜裹腹部睡觉能减肚子,1
糖尿病并非只因吃糖与胰岛素抵抗关系更大,0
果核煮水根治糖尿病,1
男孩晚上磨牙是肾虚,1
精神分裂症的人都有暴力倾向,1
疫苗中辅料是保证药效和保存所需成分,0
出汗越多身体越好,1
想要咳嗽或者打喷嚏，却捂住口鼻强忍住，会使得呼吸道的气流得不到缓解，而遭到阻碍的气流突然改变方向可能会伤害到耳道鼓膜、呼吸道、咽喉，严重时甚至可能导致鼓膜穿孔、听力丧失、头部血管损伤等严重后果,0
感冒不能洗澡,1
拔罐能把体内湿气和毒素拔出来,1
中医“寒热”理论不等于病毒细菌划分,0
速度和耐力需渐进训练并非越快越好,0
西红柿和虾不能一块吃，会食物中毒,1
每天拍手养生,1
“肝郁气滞”类说法常用于解释情绪困扰,0
“0蔗糖”就是无糖,1
吃降压药会依赖,1
艾滋病会通过蚊虫叮咬传播,1
只要每天少吃一口饭就能瘦,1
性行为定义因文化法律不同不局限方式,0
HPV疫苗建议在性生活开始前接种效果更好,0
艾灸宜点到为止不可天天施灸,0
常吃红枣能补气养血治疗贫血,1
泡脚有助于放松但不能治病,0
饭后散步需适度不宜立即剧烈运动,0
长期憋尿会导致肾衰竭,1
吃紧急避孕药等于堕胎,1
小便黄是肝火旺,1
适当运动有助改善心理状态但非唯一手段,0
抗病毒药物需在医生指导下使用,0
出汗多反映体温调节而非脂肪燃烧,0
只要消毒手就不会感染,1
体外排精是安全避孕方式,1
风油精能防新冠病毒,1
跑步机与户外跑各有优劣,0
鸡蛋的营养和蛋壳颜色无关。。,0
摄入足够膳食纤维有助于控制食欲和肠道健康,0
肾虚非西医诊断用语可能涵盖多种病因,0
卵巢早衰会导致断崖式衰老,1
中风前会全身发冷,1
高血脂患者不能吃肉,1
近视一旦发生无法控制加深,1
晨起称重更准确应排空后测量,0
泡脚并不适合所有人，如儿童、脚部不适者、下肢静脉曲张患者、下肢动脉硬化或闭塞患者以及糖尿病足患者,0
滴眼液可防辐射,1
豆浆不能和鸡蛋同食,1
治疗癌症需结合病理分期和个体差异,0
健康饮食可增强免疫但不能防所有疾病,0
头朝西睡觉对心脏不好,1
运动前不能喝水,1
身体在剧烈节食下会激活储存机制,0
跑得越快越能提高耐力,1
贴足贴能排毒养颜,1
每次运动都要一个小时以上才有效果,1
中成药含药物成分需严格服用不可随意加量,0
吃某种食物，吃的越多瘦的越快。,1
一热一冷锻炼法能增强体质,1
中药材越贵越补,1
窗边光线好但也需控制距离与时长,0
多喝汤补水效果好于白开水,1
不动比睡觉更能恢复体力,1
不打疫苗也不会感染,1
接种疫苗等于被注射病毒,1
清淡饮食核心是避免油腻高糖高盐刺激性食物并不排斥适量的动物蛋白,0
病毒会潜伏在衣服上很久,1
情绪病都需要吃镇定剂,1
运动后不应完全空腹避免代谢紊乱,0
轻度睡眠障碍可通过改善生活方式逆转,0
白天越累晚上睡得越好,1
体质调理需个性化不可千人一方,0
喝醋熏屋子可以消毒,1
吸烟可以预防新冠病毒,1
疫苗引发心肌炎是常见副作用,1
戴眼镜的人眼球会变形,1
白内障通过手术可恢复视力非失明标志,0
控制近视加深需多方面干预如户外、配镜等,0
阴天也需要做好防晒,0
运动前进食能提供能量提高表现,0
性冷淡可通过心理咨询或内分泌调节改善,0
心理健康需要社会政策支持与环境改善,0
强光环境下看屏幕伤害较大,0
止咳药治所有咳嗽,1
心理疾病会永久改变一个人的大脑,1
糖尿病人完全不能吃水果,1
中药无副作用,1
减肥并不等于追求体重下降更应关注体脂率,0
生病期间应暂停或调整训练,0
胆固醇升高不等于疾病需综合评估血脂,0
心理问题可以暂时性出现不代表“有病”,0
疫苗接种并不会影响未来的生育能力,0
癌症能通过飞沫传播,1
补铁就必须吃猪肝,1
肚子大说明体内湿气重,1
生姜红糖适合寒性痛经对气滞热性无益,0
艾滋病不通过空气或日常接触传播,0
性病传播需体液交换共用马桶风险极低,0
心理问题不是“想太多”而是功能受限,0
火龙罐能驱除体内寒毒,1
皮肤晒伤涂芦荟,1
运动多了会伤肾,1
中医古方都非常安全无副作用,1
一日三餐必须定点定量,1
水果不能饭后吃,1
在医生建议下偶尔进行必要 CT 检查来帮助诊断和治疗，是不必过度担心辐射风险的,0
看绿色和保护视力没有什么关系,0
吃酱油不会让脸上长斑,0
小便后冲洗能防止性传播疾病,1
无食物具备避孕效果需依赖正规手段,0
孩子长大后近视自然会好,1
蛋白粉吃多了不会长脂肪,1
视力好坏只与遗传有关,1
不抽烟就永远不得肺癌,1
持续的睡眠障碍可能是心理疾病信号之一,0
肾结石患者不必完全避免补钙,0
适度摄入坚果对心血管有益,0
抑郁症是富贵病,1
不戴眼镜可以训练视力恢复,1
慢病管理需长期坚持和规范随访,0
失眠的人不能喝水,1
月经不规律可能有多种原因应医学检查,0
积极心理学可增强心理韧性,0
肿瘤“饿死疗法”比化疗有效,1
水果热量很低可以当正餐,1
打鼾可通过减重、侧睡等行为干预缓解,0
高盐会增加骨质疏松的风险,0
中医术语需辨证施治不可盲目套用,0
每天早起跑步能治失眠,1
长时间戴口罩会中毒,1
全球卫生组织推荐疫苗以控制重大流行病,0
近视受遗传因素和环境因素影响,0
吃零食前喝水能稀释热量,1
长期依赖褪黑素补充剂需医学建议,0
调理“肾气”需明确症状与疾病对应关系,0
熬夜不影响干眼症,1
服中药期间应告知医生避免与西药冲突,0
仙人掌能防辐射,1
睡觉时一定要戴眼罩,1
环境噪音和光污染会影响入眠和深睡,0
睡觉流汗是正常排毒,1
慢性咽炎能拖成喉癌,1
柚子皮能去甲醛,1
心理病不是“现代人才有”的问题,0
长期不戴眼镜可能加重视疲劳与视力恶化,0
打疫苗让人体质变差,1
揉太阳穴能治头痛,1
运动必须大汗淋漓才有效,1
喝白醋可以溶解脂肪,1
疫苗由国家和国际机构监管确保质量和透明度,0
酒精喝下去可以消毒身体,1
拍嗝能清肺,1
鼻涕倒流会进脑子,1
运动后的补水和营养补给对恢复非常关键,0
牙龈出血是火气大,1
适量补水有助运动表现和安全,0
性能力差异属个体差异非判断标准,0
断食疗法能饿死癌细胞,1
一天只吃一种食物不能减重,0
性病都是同性恋人群才得的,1
敲胆经能瘦腿,1
过度锻炼可能造成身体压力,0
捂汗能逼出寒气,1
按摩可能舒缓疲劳但不等于治疗疾病,0
光吃沙拉就能满足营养需求,1
鸡蛋不能和糖一起煮会致癌,1
癌细胞不会因手术被“惊动”而扩散,0
中医理论需专业人员辨证使用,0
呼吸暂停综合征会增加心脑血管疾病风险,0
心理疾病可通过专业评估判断真假,0
运动有助于改善血糖血脂血压,0
性生活与子宫下垂无直接因果关系,0
得了癌症不能运动,1
睡眠不规律会增加代谢综合征风险,0
喉咙痛用盐水漱口就能好,1
打疫苗会得自闭症,1
太阳光能改善眼部循环,1
结核病是穷人病,1
生理期不能洗头,1
长时间躺床就是休息,1
光脚走路可以治偏瘫,1
长期跑步会变成“肌肉腿”,1
吃水果一定要空腹,1
牙膏底部彩条代表成分,1
心理疾病患者有权接受教育工作和恋爱,0
喝醋泡黑豆可乌发,1
孩子吃盐多会变笨,1
孕妇吃黑豆生儿子,1
眼药水不适用于预防近视,0
多喝水治不了感冒，水喝得过多可能还会造成身体脱水,0
气血不足就一定要喝四物汤,1
登革热通过接触传播,1
视力差就是肝不好,1
腰酸背痛就是肾亏,1
接种疫苗可显著降低感染率和重症风险,0
核心训练应结合全身稳定性提升,0
商家用废旧塑料袋做紫菜和粉丝,1
疫苗接种者寿命短,1
疫苗对孕妇和胎儿安全性已有充分研究支持,0
运动要坚持每天都练不能中断,1
碳水化合物是人体主要能量来源不可完全剔除,0
睡前锻炼最好,1
中成药也含化学成分需警惕不良反应,0
强光裸眼训练可能伤害视网膜,0
焦虑是因为太闲了,1
肝脏排毒时间是晚上11点,1
绝经后女性仍有性健康需求,0
青少年心理问题是因为学习不好,1
肾虚是性生活过多导致的,1
枕头高低决定智力,1
牛奶越浓越有营养,1
运动完洗澡需控制水温与心率变化,0
中药煎煮时间视药物种类和剂量决定,0
力量训练可以帮助维持基础代谢率,0
适量食用坚果有益健康但能量密度高需控制,0
每晚都要做梦才能排毒,1
跑步机比户外跑更容易瘦,1
猪肝虽含铁但胆固醇较高不适合大量摄入,0
失眠靠意志力可以克服,1
打了疫苗就可以不戴口罩,1
心理咨询只能开导没效果,1
外地人更容易带病,1
高血糖会增加心血管并发症风险,0
儿童失眠是心理问题,1
早餐摄入优质碳水有助于控制全天热量摄入,0
吃鱼眼能明目,1
早泄是心理疾病无法治疗,1
长痘是体内毒素排出,1
心理疾病治不好只能拖着,1
胰腺癌等高危人群应定期体检,0
不吃晚饭可以延年益寿,1
吃果蔬脆 ≠ 吃蔬菜,0
合理眨眼频率有助保持眼表湿润,0
头顶冒热气是肾气虚,1
病毒不可能通过无线网络传播,0
体质虚弱不能运动只能静养,1
站着吃饭更容易瘦,1
胖人都血脂高,1
中等硬度的床垫更好地支撑脊柱，减少肌肉负担,0
肌肉比脂肪重但体积更小,0
传染病一定需要住院,1
控制三高能有效预防心脑血管事件,0
揉眼睛可以消除异物感,1
洗牙会让牙缝变大,1
心理疾病都是被“灌输”出来的,1
清宿便不可以排肠毒,0
深度疲劳可能是癌症或慢病早期表现,0
性健康教育适用于各年龄段,0
苹果是万能营养水果,1
艾滋病通过共用马桶传播,1
中医辨证治疗需医生临床观察不可自断,0
过敏性鼻炎目前是不可治愈的,0
喝黄酒驱寒,1
拍打疗法无确切疗效可能造成软组织伤害,0
避孕药吃一次就会不孕,1
癌症并不等于绝症许多类型可长期带瘤生存,0
喝冰水会让脂肪凝固在体内,1
中医看舌苔就能判断所有病,1
红酒配芝士能软化血管,1
做梦一定是浅睡眠,1
合理用药能延缓慢性病并发症发生,0
食物能通血管,1
夜间醒来保持安静能更容易再次入睡,0
吃太多寒凉食物会伤脾胃,1
吃辣可以减肥,1
全麦食品含碳水但升糖指数较低,0
咖啡空腹喝才有效减脂,1
用小苏打洗牙能美白,1
阳光适量对视力发育有益但应注意UV防护,0
得了心理病只能辞职躺平,1
合规防护如口罩防护可降低感染概率,0
炒菜应选择合适油种控制温度减少油烟,0
不打疫苗可增强自然抗病能力,1
吃红枣能治贫血,1
眼疲劳是用眼过度的信号需调整用眼习惯,0
香蕉和芒果热性不能多吃,1
晚上洗头容易得偏头痛,1
每天泡脚能活百岁,1
中医药现代发展需循证研究支持,0
中药需要根据病情调配不能自行配伍,0
不同人对食物的代谢反应存在差异,0
肾虚是男性一切问题的根源,1
榨取一杯果汁，通常需要使用三四个水果，这会使人在不知不觉间摄入远超正常量的果糖。此外，榨汁过程会导致水果中的膳食纤维和维生素大量流失，营养价值大打折扣。,0
固定起床时间有助于睡眠稳定,0
中医理论无法完全代替临床实证医学,0
睡得越多越好,1
太阳越晒眼睛越健康,1
疫苗注射等于拿命赌博,1
运动时心跳太快是心脏病,1
儿童需要固定作息以支持发育与情绪稳定,0
体质酸性就容易得癌症,1
精液接触皮肤会导致过敏,1
推拿越痛说明效果越好,1
只要年轻身体好就不会感染,1
“价”是HPV的型别，二价、四价和九价预防宫颈癌效力相当,0
性病都是不洁性生活造成的惩罚,1
春季是过敏高发期。对于过敏体质的个体，被动做法是远离过敏原，主动做法则是重塑免疫系统的平衡。除了规律作息、避免熬夜、适量运动外，还要注意不要过于洁净。在野外、郊外多接触自然界的微生物，在饮食方面多吃天然食物，可以使机体的代谢处于一个良好的状态，对免疫平衡有益。,0
长期控制血糖可延缓糖尿病并发症,0
疫苗导致慢性疲劳综合征,1
乳头颜色多为个体差异无生育影响,0
泡温泉可以治疗关节炎,1
只要闭眼就等于休息,1
感染性疾病都是不洁造成的,1
儿童补钙必须吃钙片,1
心肌梗死会提前胸痛几天,1
中医靠经验胜过科学,1
每天排便越多越能防癌,1
坚果虽健康但应注意每日限量,0
伤口抹牙膏能止痛,1
女人来月经不能洗澡,1
疫苗只对部分人有用对大多数人无效,1
有些食物可在某种程度上延缓眼睛衰老。维生素C、叶黄素和玉米黄素、Ω-3脂肪酸、B族维生素、复合维生素的摄入可能延缓晶状体的老化；叶黄素、玉米黄素和Ω-3脂肪酸对视网膜的衰老可能有延缓的作用。羽衣甘蓝、菠菜、花椰菜、南瓜、玉米、柑橘，以及蛋黄等食物富含叶黄素和玉米黄素，适当摄入对眼部健康有益。,0
喝酒暖身,1
戴眼镜不会导致度数加深,0
性表达主动性不等于道德问题,0
疫苗可预防因病毒感染引发的严重并发症,0
做冥想等于迷信,1
睡觉戴眼罩能防近视,1
女性只要洁身自好就不会得性病,1
熬夜后补觉有一定帮助，但一定要注意控制补觉的时长,0
可以用大蒜鉴定地沟油,1
心理问题都是没事找事,1
高潮反应复杂并非所有人都有体验,0
拍打按摩有助于放松不能替代医疗干预,0
女人比男人更需要睡眠,1
头疼就是风邪侵袭,1
疫苗只是官方掩盖真相的工具,1
新冠病毒是实验室制造出来的,1
花生红衣能补血,1
失眠可伴有入睡难、早醒、易醒等表现,0
通经络就是打通气血运行,1
吃虾不能配西瓜,1
游泳能自然拉长身高,1
病毒都是人工制造的,1
中药泡茶长期饮用可能有肝肾负担,0
隔夜茶在保存得当情况下可安全饮用,0
长期喝红糖水能调理痛经,1
所有肿瘤都能通过B超查出来,1
动感单车伤膝盖,1
运动时多出汗减重效果并没有更好，出汗多少不反应减肥效果,0
孕妇不能看恐怖片,1
冬草莓可以吃,0
大豆雌激素致癌不能吃,1
确诊了传染病就会被社会隔离,1
部分传染病可治愈不会长期带毒,0
打嗝说明胃有毒,1
男人吃豆腐不会变娘。,0
乳腺癌一定要切除乳房,1
天然食品就一定不会发胖,1
疫苗接种可与营养补充协同提高防护力,0
药酒浓度高不可当饮料随意饮用,0
运动伤害不可避免,1
晚餐不应过饱也不建议完全不吃,0
跑步会让子宫下垂,1
焦虑说明你不够坚强,1
按摩淋巴能排毒,1
祛痘必须戒糖和油,1
泡澡出汗不等于排毒仅为体温调节反应,0
吃香蕉就能通便减肥,1
晚间训练需合理安排作息,0
练完就吃会反弹,1
手脚麻木就是中风前兆,1
癌症是“报应”无药可救,1
心理问题的孩子是“没教好”,1
坐久了屁股长痘是毒素,1
婚后性生活必须规律才健康,1
"菌斑牙石是导致牙槽骨吸收破坏的根源,厚厚的牙石像水泥一样围绕在牙根周围,掩盖住了牙齿松动的现象。",0
拍打心包经不能强心效果缺乏证据,0
晚上频繁起夜并不是肾不好,0
摄入的总热量决定是否减肥食物类型其次,0
萝卜和人参一起吃不会中毒,0
夜间消化功能减弱，若大量食用水果或仅吃高糖水果（如菠萝、荔枝等），不仅难以达到减重的目的，缺乏蛋白质的晚餐还会影响肌肉合成，长期可能使代谢率降低。,0
滴眼药水能治好白内障,1
使用安全套不会影响性能力,0
未婚女性同样应注重妇科卫生与检查,0
泡脚可以治疗高血压,1
大蒜泡酒能治疗高血压,1
运动必须空腹才见效,1
老年人凌晨三点起床最养生,1
初夜是否出血不代表生理或道德问题,0
健身房练比在家练更安全,1
各种食物相克,1
牙疼一定是火气大,1
婴幼儿是疫苗保护最关键人群之一,0
气虚就吃黄芪补回来,1
疫苗不会导致癌症,0
宝宝手心热就是发烧,1
痛风能吃豆腐和肉、蛋,0
高血压只需刮痧调理,1
眼睛疲劳就说明快近视了,1
憋尿能训练膀胱,1
吃牛黄解毒片能清热败火万能药,1
坚果比水果健康不需限量,1
女性在月经期性生活不会怀孕,1
苦参泡水可清热解毒治痘痘,1
运动时不戴眼镜更安全,1
不吃早餐更容易燃脂,1
运动后可以喝冰水，因为冰水可以迅速帮助身体核心部位降温，避免中暑或者脱水,0
无糖食品可以无限吃,1
中医常用于亚健康调理但不能替代医学检查,0
代谢差的人减不了肥,1
只要有症状才会传染他人,1
吃辣可以杀病毒,1
艾叶水泡脚能改善脚部血液循环但非万能,0
怀孕期间不能吃中药会流产,1
桶装矿泉水开封3天后变成危险水,1
打完疫苗就能彻底免疫,1
疫苗无用只是心理安慰,1
慢性失眠可能由心理、环境或生理因素引起,0
姜辣素对人的心脏和血管有刺激作用，上吃太多，可能会让人感到精神兴奋，从而影响睡眠,0
青光眼与白内障为不同眼病,0
儿童和青少年需要更长的睡眠时间,0
眼药水不能改变眼白颜色,0
中药材种类和炮制方法影响药效,0
孩子身上有红点就是过敏,1
负面情绪是人类正常情绪的一部分,0
多转眼珠可以治近视,1
运动会让女性月经紊乱,1
远视是另一种屈光不正并非更严重,0
幽门幽门螺杆菌不会自行消除，目前推荐的根除方法是四联疗法，即两种抗生素、一种质子泵抑制剂和一种铋剂共四种药物联合使用，疗程为10～14天，根除率可达85%～94%。螺杆菌不治不会发展成胃癌,0
同房次数决定夫妻感情好坏,1
鸡蛋每天最多吃一个,1
老花眼说明大脑退化,1
打呼噜说明睡得香,1
中药膏方能根治糖尿病,1
常吃山药不生病,1
生姜红糖水对风寒感冒可能缓解但非通用治疗,0
锻炼效果应以科学计划与恢复为核心,0
脂肪肝是因为吃太油,1
护眼灯降低眩光但不能替代良好用眼习惯,0
艾滋病通过接吻传播,1
做仰卧起坐可以瘦小腹,1
疫苗能传染他人,1
没有越吃越瘦的「负热量食物」,0
空腹可以喝牛奶,0
食物相克说法多数无科学依据,0
记录饮食比主观估计更准确控制总热量,0
喝中药就能不节食减肥,1
疫苗一针就能终身免疫,1
添衣捂汗并不能帮助婴儿退烧，反而会加重病症,0
心理咨询并非洗脑而是促进自我认知,0
早上喝一杯蜂蜜水可改善便秘,1
5月的草莓农药最多，不能吃,1
中医调理慢性病需长期配合且个体差异大,0
疫苗不会改变人体DNA或基因,0
疫苗不会引发DNA突变或染色体异常,0
月经血是身体的毒素,1
睡前避免重体力运动和过度情绪刺激,0
运动和良好作息是提升免疫力的基础,0
大部分痣是皮肤对日晒的一种反应，它们发展为黑色素瘤的可能性极小。,0
茶含鞣酸可能影响铁吸收建议饭后一小时饮用,0
心理康复需要全社会支持与理解,0
病毒在水中生存时间有限水处理工艺可杀灭,0
每天锻炼两小时才够,1
长期缺乏碳水会影响甲状腺功能,0
冬天洗冷水澡可以增强免疫,1
只吃水煮菜能减肥,1
高强度间歇训练燃脂效率高,0
社交恐惧是一种真实存在的障碍需正视,0
核酸检测安全可靠对身体无害,0
降压药扩张血管可使血管破裂,1
酸奶越酸越健康,1
全身喷洒酒精不可取应注重手部清洁,0
不运动时肌肉会变成脂肪,1
瓜果蔬菜不能包治百病但可丰富营养,0
人每天都需要吃补品,1
肌肉训练不一定导致变壮而是提升线条和代谢,0
黑芝麻能让白头发变黑,1
只练手臂能减少蝴蝶袖,1
宠物健康管理可降低疾病传播风险,0
脸干就是缺水多抹油,1
白酒泡蛇治风湿,1
蜂蜜并不适合糖尿病患者大量食用,0
午睡超过一小时更健康,1
婴儿身体太弱不宜接种疫苗,1
低脂饮食一定更健康,1
碳水安排在运动前后更利于维持训练状态,0
吃枸杞能补肾养肝明目全面调理,1
脚底发凉是肾虚表现,1
热水泡脚不等于补阳气但有助于循环,0
冰水伤胃需个体差异判断非一概而论,0
刮痧可能改善局部循环但无法清除所谓毒素,0
举重不会导致姿势畸形,0
不能睡午觉说明身体差,1
晚上吃饭就一定长胖,1
味精致癌,1
疫苗接种与儿童智商发育无负相关证据,0
营养不良可由单一饮食或偏食导致,0
通便就等于排毒养颜,1
黄瓜鸡蛋减肥法能快速健康瘦身,1
艾滋病不会通过马桶传播,0
每天跑步一小时一定能瘦,1
护眼灯能预防近视,1
洗脸后不抹水会长皱纹,1
发烧等轻微不适属正常免疫反应无需恐慌,0
喝奶茶也能瘦，只要控制热量,1
疫苗打了也会得病说明疫苗没用,1
艾滋病传播是因为道德败坏,1
私处有异味就是不干净,1
空气清新剂不能代替消毒剂,0
呼吸快就是心脏问题,1
米皮糠能护心、抗癌,1
性健康教育只适合成年人,1
喝醋不能软化血管,0
遮眼行为可能为屈光异常或斜视表现,0
红枣、红糖、红皮花生 补血,1
肚脐眼脏是毒素堆积,1
营养均衡远比偏信个别补品更重要,0
月经期间可以正常洗头无健康风险,0
洗澡时出汗就是排湿气,1
鸡蛋是优质蛋白来源每天1~2个为宜,0
桂圆属高糖果干不宜大量食用,0
精神疾病患者智力低下,1
疫苗会导致病毒变异,1
眨眼可润眼但不能改善屈光状态,0
男性只要阳痿就不再是男人,1
并非所有传染病患者都需住院,0
碘盐比无碘盐不健康,1
稀粥和米饭的营养价值有很大差异，稀粥容易消化，但其营养成分相对较少。,0
高血脂需饮食控制与必要时药物干预,0
饭后喝茶能去油解腻,1
吃阿胶能延缓衰老,1
血虚的人喝红枣水就能补回来,1
新冠疫苗能有效降低重症与死亡风险,0
打疫苗后发烧说明疫苗有毒,1
羊肉和西瓜相克不能同吃,1
孩子发烧捂汗退热好得快,1
吃素比吃荤更容易瘦,1
核桃富含脂肪酸但不能直接提高智力,0
狂犬病潜伏期可达几十年,1
眼皮跳是心脏问题,1
得了性病就等于不洁,1
疫苗推广由公共卫生数据支持非阴谋,0
黑色素沉淀是因为肾不好,1
母乳喂养超过两年会影响孩子独立,1
大米越白越好，说明纯净度高,1
过量补充维生素可能引起中毒,0
身上的所有癌症本身都没有传染性,0
太阳能板释放有害电磁辐射,1
胃疼就是胃癌前兆,1
用冰袋敷脸可以收缩毛孔,1
起得晚的人容易得病,1
五行理论可以指导所有医学判断,1
射精会导致智力下降,1
疫苗适用于不同年龄阶段有明确推荐,0
乳酸菌饮料不能助消化。,0
鼻子不通是肺的问题,1
吃茯苓能祛湿美白,1
酸奶可以空腹喝促进消化,1
合理摄入脂肪有助激素合成和维生素吸收,0
所谓“排毒”大多是伪概念身体已有解毒机制,0
生病不看医生调养就好,1
不出血的性行为不算真正性交,1
炒菜只用橄榄油最健康,1
肉吃多了会得癌,1
传染病防控是全球公共卫生任务,0
HPV疫苗推荐在性行为前接种效果最佳,0
晚上不能吃水果会伤脾胃,1
吃素就等于养生,1
打HPV疫苗会导致不孕,1
长时间保持高强度运动不如坚持可持续运动习惯,0
喝水不等于排毒肾脏和肝脏才是主要解毒器官,0
肉类容易腐烂不能多吃,1
奶茶里的奶是营养来源,1
发热并非都需要立即服用退热药,0
酒精不可口服仅适用于外部消毒,0
吃大蒜不能软化血管。血管一旦硬化，很难回到年轻柔软的状态，吃大蒜不行！醋泡洋葱不行！喝红酒也不行！,0
不吃早餐更健康,1
滴生姜擦头发能生发,1
吃蒜头能杀死新冠病毒,1
积极寻求心理帮助可防止问题恶化,0
心理疾病只能靠药物控制,1
深蹲若姿势正确不会让腿变粗,0
打HPV疫苗会乱经,1
心理咨询越做越依赖,1
跑步越多心脏越强壮,1
地暖热辐射并不致癌,0
乳腺结节一定会癌变,1
走路一万步就等于锻炼够了,1
辨证施治是中医核心应避免套用经验法则,0
不化妆就不会得干眼症,1
泡脚时间过长可能导致头晕疲劳,0
中医里没有急症只能调慢病,1
粗粮饼干不一定更健康。,0
心理病不配谈恋爱,1
热水泡脚需注意水温防止烫伤,0
接种疫苗会影响智商,1
洗脸水里加盐能杀菌祛痘,1
保持安静、暗光的环境有助睡眠,0
酸性体质理论并无现代科学依据,0
感冒不能喝牛奶,1
海鱼比淡水鱼更有营养,1
喝红酒可以预防癌症,1
心脏支架放了就不能运动,1
健康,0
揉肚脐可以治疗腹泻,1
黄瓜敷脸能美白祛斑,1
乳腺增生必须手术,1
吃补药能增强抵抗力对抗病毒,1
疫苗打了后代会畸形,1
自身免疫力作用有限仍需疫苗等干预,0
穿暴汗服出汗越多减肥越快,1
腹部冰敷能减脂,1
足底按摩无法诊断疾病只能舒缓压力,0
心理疾病可伴随身体症状如疲倦失眠,0
早产儿一定近视,1
所有疫苗都引发副作用,1
鼻腔冲洗不能代替疫苗和防护,0
打疫苗前吃水果会降低效果,1
每天做眼保健操就不会近视,1
肾虚了就一定阳痿,1
灸法穴位需医生确定不能随意使用,0
多吃醋能减肥,1
高血脂吃素就能治愈,1
营养缺乏会引发代谢紊乱，不利减脂,0
坐月子期间不能刷牙,1
运动完立刻洗澡有害健康,1
疫苗是导致不明发热的元凶,1
吃辣会让皮肤变黑,1
抑郁症吃点好吃的就好了,1
射精不会导致智力下降,0
疫苗注射位置一般不影响局部组织健康,0
“耳朵（耳垂）折痕”不可以作为预测冠心病的症状,0
黑枸杞没有特殊功效。,0
脱发多因遗传和激素无射精频率关系,0
脸色黑是肾功能不好,1
中药可以代替降糖药,1
怀孕后不必刻意进补，怀孕后较推荐的饮食原则是适量、均衡、多样化,0
笔直的黄瓜不是喷了避孕药,0
久坐屁股变大,1
传染病患者不应该结婚生子,1
每年接种流感疫苗是预防流感最有效的手段，可以显著降低接种者罹患流感和发生严重并发症的风险,0
疫苗不含微芯片不具追踪功能,0
按摩肚子可以减腹部脂肪,1
晚上喝一杯热牛奶，肯定能有个好睡眠,1
使用电脑需合理安排用眼与休息,0
睡前饮酒虽助眠但影响深睡眠质量,0
健康生活方式是预防慢病和癌症的核心,0
睡眠好的人不会做梦,1
胆固醇太低会增加死亡率,1
睡觉开灯会影响长高,1
癌症患者只要吃素就能自愈,1
部分矫正镜可夜间使用但需医生指导,0
中医术语如“上火”可对应多种现代病因,0
心理障碍者也可正常恋爱与结婚,0
精神疾病都是装出来逃避现实,1
睡觉朝西不好,1
蔬菜、肉类、海鲜，生吃更健康,1
体温正常就没问题,1
疫苗是外国控制中国人的工具,1
早产儿为近视高危人群需监测,0
器械与自由重量应结合训练目标选择,0
性病能通过共用马桶传播,1
长时间站立会导致静脉爆裂,1
热柠檬水能抗癌,1
药酒不适合所有人长期饮用有风险,0
自行“吊脖子”与去医院做“牵引”不是一回事，风险和危害很大,0
吃蓝莓能提高视力,1
高血压和天气变冷无关,1
打呼噜意味着睡得香、睡得深,1
素食者一定更长寿,1
多吃桂圆增强记忆力,1
失眠的人都很神经质,1
远视需根据年龄、度数和症状评估处理,0
胃口小就一定不容易胖,1
只要戴口罩就能完全防住新冠病毒,1
补药不能替代疫苗或抗病毒药物,0
呼吸平稳才是深度睡眠的表现,0
月经越多身体越排毒,1
躺着看书不会近视,1
热水泡脚可以通经络,1
人体并无“湿气”指标中医描述非现代概念,0
喝纯净水不会变酸性体质。,0
女性有分泌物就是生病,1
节食过度会降低代谢，反而难以减肥,0
每天刷牙多次可以减少食欲,1
不吃晚饭减重不靠谱,0
苹果可以晚上吃。,0
安全套不影响性功能不会导致早泄,0
常揉肚子治便秘,1
脱脂奶比全脂奶更健康,1
只有老人才需要打流感疫苗,1
看心理医生是在浪费钱,1
艾滋病只能通过体液传播途径如血液性行为等,0
每日膳食建议控制在合理比例范围内,0
卧床9小时就是好睡眠,1
脸部按摩可瘦脸,1
增加蔬菜摄入可以增加饱腹感而不明显增加热量,0
早期高血压和高血脂可能无症状更应重视,0
颈动脉斑块需要吃阿司匹林,1
胸闷就是心脏病,1
心脏病人不能运动,1
吃粗粮就不会胖,1
睡前沐浴或泡脚可帮助身体降温促进入睡,0
艾叶能治所有妇科病,1
脚底有五脏六腑的反射区,1
乳头颜色与性行为无直接关系,0
红肉就是不健康,1
性冷淡说明不爱对方,1
跳操出汗越多脂肪减得越快,1
用醋洗头可以止痒,1
睡觉时绑腹带能减肚子,1
疫苗推广由公共数据和循证医学指导,0
憋尿可以瘦腰,1
癌症不会通过接触传播,0
自慰会导致早泄阳痿,1
心理健康教育是公共卫生的重要组成部分,0
抖音推荐的偏方都有效,1
失眠的人都是有心理问题,1
女性乳头颜色影响生育力,1
美容,0
喝咖啡会导致心脏病,1
发烧是疫苗激发免疫反应的常见表现之一,0
洗冷水澡能增强免疫力,1
力量训练会让人身材变矮,1
发烧可能是多种疾病表现应综合判断,0
感染风险与接触路径与防护相关,0
维生素C有助免疫但不能防病毒,0
敷中药面膜需测敏谨慎使用,0
黑芝麻富含营养但不能改变发色,0
绿色可放松视觉但不能逆转屈光异常,0
按摩耳朵可以控制食欲,1
肾虚了就要壮阳,1
维生素C不能防治感冒但可缩短病程,0
疫苗成分中常用辅料已被广泛验证安全性,0
有减重需求的人群：建议饭前吃水果，其富含的膳食纤维能增加饱腹感，有助于控制正餐的进食量。,0
抑郁症不只是情绪问题也伴随认知功能障碍,0
微波炉加热食品安全无致癌风险,0
每天站着能瘦腿,1
饮食中完全去糖不可取应学会读懂食品标签,0
蛋黄富含胆固醇但适量食用不会升高血脂,0
良性肿瘤和恶性肿瘤差异大需专业诊断,0
青光眼是视神经病变需长期管理,0
戴镜不会造成眼球结构变形,0
多运动就能解决所有心理问题,1
深蹲会让腿变粗,1
癌症的治疗是复杂的，不能依赖单一饮食方式,0
心理问题并不意味着无理性,0
心理问题如不干预可能影响人际与职业表现,0
流汗越多减脂越快,1
不玩手机视力自然变好,1
出入疫区的人都带病,1
HPV感染也可能通过非性接触传播,0
电动牙刷正常使用不会伤牙，更不会导致牙齿变薄或牙龈出血。事实上，电动牙刷的振动频率稳定，能够更有效地去除牙菌斑，相比手动牙刷，反而能减少刷牙时的摩擦损伤。,0
喝牛奶会导致发胖,1
高血压是因为气血不通,1
绝经后女性仍可享受性快感,0
饮食控制配合家庭支持能提高减肥成功率,0
胰岛素本身并没有成瘾性，是否长期使用胰岛素，取决于糖尿病的病情,0
疫苗可提高机体对特定病毒的识别能力,0
减肥茶可以长期使用,1
运动后应进行冷却和拉伸,0
癌症发病受遗传环境生活方式多重因素影响,0
雾化是滥用抗生素，比输液更伤身,1
早睡早起的人一定更健康,1
脂肪肝通过早期干预，是可以治愈的,0
豆腐吃多了会结石,1
转基因食物有毒,1
处女膜无法准确反映性生活历史,0
仰卧起坐主要锻炼腹直肌并不减脂,0
白发是精亏需要大补,1
吃枸杞对视力调节有辅助但作用有限,0
清淡饮食=要吃素、少吃肉,1
绿豆汤能清肝明目治近视,1
感冒传染性最强的时间是出现症状后的前2~3天,0
跑步前喝咖啡燃脂更高效,1
真性近视是不可逆的,0
运动后立刻坐下最舒服,1
血压控制目标因人而异需医生指导,0
疫苗接种在全球减少数十种传染病流行,0
做平板支撑能瘦肚子,1
喝苏打水降尿酸效果因人而异，长期引用会增加高血压风险,0
高血脂患者应关注总胆固醇和甘油三酯,0
孕妇可以适量喝咖啡。,0
运动后半小时内吃东西不会变胖,0
科学周期训练应包括休息日,0
打嗝是因为胃出血,1
性病可发生于任何有性行为的人群,0
只要体质好就不需要疫苗,1
艾滋病不会通过蚊子叮咬传播,0
并非所有刚宰杀的畜肉都是最新鲜的,0
卧室温度保持18-22℃较适宜睡眠,0
性病治好后还会遗传,1
力量训练不会让人变矮,0
胸部体积受脂肪与荷尔蒙共同影响,0
艾灸能替代疫苗增强免疫,1
情绪和压力可能影响免疫但非癌症直接成因,0
让孩子多吃胡萝卜能够很好的预防近视,1
脚底按摩能治疗感冒,1
小孩配镜越晚越好,1
高血压患者只能静养,1
早泄常可通过行为治疗和心理干预改善,0
吃水果不刷牙会得口腔癌,1
吃菠菜不能和豆腐一起,1
凌晨三点醒来一定是肺不好,1
食盐洗脸能除痘印,1
控制热量应先从减少高热量低营养密度食品开始,0
熏醋无科学依据不能防病毒,0
传染病人不能进学校工作单位,1
搓手心能激活全身经络,1
针灸和艾灸具有缓解部分症状的辅助作用,0
戒烟限酒是预防癌症和慢病的重要措施,0
大规模疫苗接种已根除天花等致命疾病,0
冷水澡比热水澡更健康,1
正确使用加湿器并不会导致肺炎,0
屋里放洋葱也不能预防感冒。食物相克不科学。,0
老年人经常撞树锻炼缺乏科学依据，更暗藏多重健康风险。老年人血管弹性下降，脆性增加，撞击可能导致血管内斑块脱落，引发脑梗、心梗等致命疾病。而且撞击力度过大，还易造成肌肉拉伤、颈椎损伤甚至骨折，尤其是骨质疏松、腰肌劳损的老人，风险更高。此外，树木表面粗糙易致皮肤破损，增加感染风险,0
多洗头可以防传染病,1
近视不能靠闭眼或休息自行恢复,0
嘴唇暗就是血瘀,1
得病的人不能运动,1
心理治疗在国外和国内都广泛应用,0
只要月经来了就不会怀孕,1
无症状感染者也可能传播病毒,0
食物发霉了不要吃。,0
自慰不等于心理疾病,0
长高靠喝骨头汤,1
避孕药吃一次就会不孕,1
心理咨询就是讲大道理,1
疫苗副作用极少见且多为短暂轻微,0
酒后洗澡会中风,1
眼霜只能25岁之后用,1
老年人锻炼可改善骨密度和平衡力,0
疫苗等于化学毒药,1
凌晨两点是最佳创作时间,1
跑步后拉伸可缓解紧张与疲劳,0
避孕药不会导致永久性不孕,0
肿瘤一动就“散”，不能切,1
不穿专业服装就别运动,1
疫苗只能短期保护没必要接种,1
女人手脚冰凉就是宫寒,1
别为了保健喝药酒,0
只要转移注意力就不会焦虑,1
水果含天然糖分摄入仍需适量,0
喝豆浆会导致乳腺癌,1
饭后适当散步有助于消化但不能作为减肥主法,0
社会对心理问题包容度的提高利于康复,0
健康饮食建议每天摄入多种蔬菜水果,0
黄芪当归搭配适用于气血双虚者需医生指导,0
白天久坐少动可能影响夜间睡眠质量,0
性病是一种医学疾病不应污名化,0
疫苗里有芯片,1
动感单车适合多数人但应注意关节负荷,0
晨练应视天气和个体情况合理安排,0
散瞳检查会让视力变差,1
高热量食物吃得快不会发胖,1
运动时，裹上保鲜膜会瘦得更快,1
补充水分不宜过多、过快，建议遵循少量多次的原则，出汗较多时可适当补充一些盐水。,0
蛋白质越多越好,1
蛋白质摄入不当可能影响肾脏代谢,0
HPV感染只能通过性传播,1
儿童需定期眼科检查早发现问题,0
体重波动可能由饮水盐分摄入等短期因素引起,0
晚起不代表懒惰需结合整体生活节奏评估,0
年龄大了睡硬板床身体好,1
头发剃光能治疗脱发,1
长寿的人都不吃油,1
体温检测是筛查非确诊手段,0
糖尿病人不能吃南瓜,1
禽流感病毒被高温彻底加热可灭活,0
减肥周期应包含过渡维稳阶段防止反弹,0
心理问题不能跟别人说越说越严重,1
早晚作息的调整应渐进,0
瘦人基础代谢一定比胖人高,1
避孕责任应由伴侣双方共同承担,0
得过某些疾病后仍需接种疫苗以增强免疫,0
中药应由专业医生开具不可自行泡服,0
食物多样有助预防营养缺乏与偏食,0
干眼症需综合干预而非仅靠眼药水,0
一周减重超过1.5公斤可能主要是水分流失,0
饮食控制需关注总热量而非只限某类营养,0
运动后不能吃蛋白质以免长胖,1
早上起不来是因为懒,1
香蕉、柿子、橘子、番茄、牛奶、豆浆……不可以空腹吃。,1
喝酒脸红是酒量好,1
接种疫苗导致胎儿畸形,1
新冠病毒可以通过WiFi传播,1
喝柠檬水可以快速燃烧脂肪,1
吃鸡屁股会得痔疮,1
病毒可能变弱但不可掉以轻心,0
用啤酒洗头头发会变黑,1
疫苗接种有助于形成群体免疫,0
性能力不等同于性时间长短,0
青少年心理问题多源于多重压力与环境交互,0
睡前静心冥想有助放松与入睡,0
孩子调皮是因为缺锌,1
蛋白粉适合运动者补充并非人人适用,0
不同保质期的牛奶营养差别并不大,0
减肥期间不能吃任何油,1
把碘酒涂在喉咙可以治咽炎,1
高血压病人可食用鸡蛋但不宜过量,0
合理用眼可降低近视风险,0
牙缝大是因为吃东西太快,1
每天喝豆浆会致癌,1
深色蔬菜比浅色的更营养,1
休息不能替代泪液、营养与治疗,0
跳绳对心脏不好,1
大姨妈期间也会长胖。,0
痛经者过量服用对乙酰氨基酚可能导致肝损伤，长期服用布洛芬等可能导致胃肠道不良反应等,0
眼睛大的人视力一定好,1
蔬菜生吃吸收率更高,1
女性不适合做力量训练,1
打完疫苗就一定不会得病,1
科学训练需配合计划非单靠意志,0
全球疾病控制中疫苗发挥重要作用,0
吃人参越多身体越强壮,1
性生活前喝酒会增强性能力,1
红糖水不具备长期改善体质的效果,0
老花眼是年龄相关调节功能下降与近视无抵消关系,0
只要练腹部就能去肚腩,1
只喝果蔬汁可以维持营养均衡,1
减肥期间不能做力量训练,1
打疫苗会变傻,1
疫苗能显著降低疾病传播速度,0
生吃蔬菜比熟吃更营养,1
只要每天睡够8小时就是好睡眠,1
加工食品需看配料表避免反式脂肪摄入,0
经期能洗头但需注意水温和保暖,0
公共场所合理通风与消毒可减少传播,0
饭后站立能减肥,1
预制菜的食材有限，营养可能不均衡，且脂肪含量高，含钠高，常吃不利于健康,0
精神分裂症患者不能就业,1
碘是必须微量元素缺乏会致甲状腺疾病,0
常温奶没有加防腐剂。,0
只练上肢不会影响身体比例,1
儿童肥胖长大就会瘦,1
橘子皮泡水喝对身体有益,1
夜猫子都是天才,1
适量摄入肉类通常不会导致体重增加,0
孕期可以做放射性检查,0
洗澡水越热越解乏,1
性行为一定需要高潮才完整,1
药食同源不代表药食混用无害,0
中药也可能有副作用不能盲目迷信,0
成年人白天小睡不应取代夜间完整睡眠,0
黄芪等补药需中医指导服用,0
血糖高不能喝水,1
放屁多说明肠胃好,1
雾霾天戴口罩就完全没事,1
强迫症是洁癖,1
是否洗澡不影响是否怀孕,0
只要不看电子屏就不会近视,1
不做体检就没有病,1
性行为多了乳头会变黑,1
多吃蔬菜不会摄入热量,1
夏天吃辣会上火,1
韭菜是天然伟哥,1
抑郁症会传染给身边的人,1
瑜伽可以提升灵活性与体能,0
血脂高不能吃鸡蛋,1
老年人流口水是痴呆,1
绿豆汤清热解毒但无治疗近视作用,0
心理问题只是性格问题,1
晚饭不吃能瘦十斤,1
长痘喝菊花茶管用,1
失眠要喝桂圆红枣汤,1
疫苗接种对儿童成长发育安全,0
疫苗能改变人的基因,1
科学减肥应依赖持续的热量赤字和营养均衡,0
自来水里有避孕药，OOXX后猛喝可以避孕,1
卤水豆腐并不会比其他豆腐更补钙,0
病毒变异不代表完全无防控价值,0
性生活少说明感情不好,1
孩子戴眼镜会让近视度数越来越深,1
接种疫苗不会对后代造成遗传影响,0
喝绿茶可以杀死癌细胞,1
肚脐贴药能治疗胃病和失眠,1
推拿能治颈椎病不用做影像学检查,1
感冒时多喝水可以加快康复,0
疫苗注射部位会永久残留毒素,1
病毒怕光，多晒太阳就好,1
运动后越酸越说明练得越好,1
男女性能力差说明不配,1
睡眠不足会增加饥饿感激素影响控制体重,0
经期怀孕虽概率低但非不可能,0
健身后不酸就没练到位,1
高血压与气候季节变化密切相关,0
喝醋不能软化血管,0
性行为后灌洗可以防止怀孕,1
每天喝醋可以软化血管,1
抑郁症是大脑神经功能障碍非简单情绪问题,0
不睡觉能提升创造力,1
癌症是细胞“毒素”堆积导致的,1
刮痧减肥能溶解脂肪,1
心理问题不是“想开点”就能解决,0
不吃主食就一定能瘦,1
喝啤酒配烤肉致癌,1
摄入高蛋白饮食应注意肾功能负担,0
癌症手术与治疗规范能延长患者生命,0
鸡肉很多都是激素喂出来的不能吃,1
拉伸越疼效果越好,1
无糖食品可能仍含代糖需注意摄入总量,0
三餐不规律能刺激代谢减肥,1
吃酸的食物燃脂效率更高,1
阳过一次就不会再感染,1
睡前长期玩手机易导致视疲劳和干眼,0
烹饪方式影响营养保留蒸煮优于煎炸,0
蔬菜水果富含膳食纤维但不代表无热量,0
近视手术一劳永逸,1
睡前喝点红酒，帮助睡眠,1
心理咨询等于洗脑,1
穿美体衣可以永久塑形,1
用手揉脂肪可以让它消失,1
痛风急性发作期需休息与药物缓解,0
喝牛奶不致癌。,0
冬天需要多睡觉,1
正规安全套材料无致癌证据,0
月经期不能喝冷水否则会痛经,1
隔离是侵犯人权的行为,1
心理疾病都是成年后才出现,1
喝热水能助眠,1
抑郁症的人都不爱笑,1
小孩睡多了容易变傻,1
心理疾病的人不能结婚,1
癌症治疗副作用可通过医学手段缓解,0
喝水多就能排毒减肥,1
昏暗光线下阅读增加眼部负担,0
牛奶可以搭配橙汁,0
有肌肉的人更容易得病,1
心理疾病传染性强,1
胡萝卜富含维生素A可维持眼健康但不能治近视,0
怀孕期间性生活是对胎儿的不尊重,1
青少年头晕就是低血糖,1
体重管理应关注过程而非追求极端数字,0
抑郁症就是想太多,1
并非所有运动都能对睡眠产生正面效果，选择合适的运动类型和时间是关键。,0
性冷淡是因为对方技术不好,1
有氧减脂、无氧增肌泾渭分明,1
只要醒来不累就没睡眠障碍,1
疫苗接种会遗传给下一代,1
长痘痘用祛痘洗面奶,1
无籽葡萄是喷了避孕药,1
头发浓密的人更聪明,1
血液粘稠不等同于血脂高,0
视力恢复需科学矫正与保护而非“锻炼”,0
运动中适量喝水有助维持状态,0
减肥需关注全生命周期行为改变,0
营养均衡应包含碳水蛋白脂肪三大营养素,0
维生素C不能防止感冒,0
心理问题都是父母造成的,1
已趋于成熟的食品辐照技术并不会对食品安全产生威胁，也不会损失食品本身的口感和营养价值,0
左眼跳财右眼跳灾是真的,1
心理咨询没用只是聊天而已,1
鸡翅尖有毒素，不能吃,1
黄芪配当归可治所有妇科虚症,1
喂母乳的妈妈不能吃凉的,1
过量运动可能引起应激反应反而抑制脂肪消耗,0
乳腺结节都会癌变,1
儿童需保证足量热量和营养以满足成长需求,0
流感疫苗适用于各年龄段人群,0
只有女性才应该关注避孕问题,1
并非所有的甲状腺结节都要切除，多数情况下它并不会危害健康。主要是看结节的大小、生长方式、功能状态、病理性质,0
情绪对肠胃健康有影响,0
膳食结构调整应循序渐进,0
儿童疫苗是保护健康的重要措施,0
中药煮的时间越久越有效,1
蜂蜜是最天然的糖不会升糖,1
癌细胞怕高温常泡脚能抗癌,1
补品不能随便吃必须根据体检评估,0
喝醋能软化血管预防心梗,1
只要年轻人得病不严重就不用预防,1
练得越多就越健康,1
训练后适时进食利于恢复,0
舌诊仅为参考不能代替医学影像和检验,0
疫苗在非洲等低资源地区大幅降低婴儿死亡率,0
疫苗不会削弱人体天然免疫力,0
夏季吃蔬菜沙拉能减肥,1
频繁揉眼可能诱发角膜炎或黑眼圈,0
胖的人运动会伤膝盖,1
癌症是可控的慢性病早诊早治至关重要,0
性交姿势可以决定胎儿性别,1
饮食辛辣与病毒预防无直接关系,0
酒精能杀死所有病毒,1
疫苗接种会改变性格,1
高温环境不能完全阻断病毒传播,0
青少年戴眼镜眼睛会凸,1
看B超单上孕囊的数据，无法提前知道宝宝性别,0
疫苗不会影响人的性格或心理状态,0
眼保健操能治愈近视,1
早上喝淡盐水不「排毒」。,0
避孕药会上瘾,1
不做拉伸也不会受伤,1
多吃猪皮能补胶原蛋白,1
高血压治疗不等于完全依赖药物,0
铁锅炒菜补铁,1
按摩可放松肌肉但不能治疗慢性病,0
接种部位不留毒素可自然代谢,0
吃蛋白粉增加免疫力,1
健康成年人每天烹调油摄入量应控制在25～30克,0
经常抖腿会变穷,1
疫苗导致儿童注意力不集中,1
能不能憋尿不是评估肾功能的标准,0
勤洗鼻子可以预防所有病毒,1
疫苗导致未来患病风险上升,1
频繁自慰不会缩短寿命,0
睡眠充足可提升工作效率和创造力,0
不打疫苗的人反而更健康,1
青少年也应接受适龄性健康教育,0
感冒吃冰淇淋会加重,1
天天刮痧能促进血液循环,1
吃辣能提升代谢持续燃脂一整天,1
视力下降一定是假性,1
抑郁症患者也可能外表正常甚至高效,0
老年人可根据身体情况适度午休,0
局部训练无法消除局部脂肪,0
吃碱性食物能抗癌,1
苦瓜有降糖潜力但非药物替代,0
HPV 疫苗并不能覆盖所有致癌的 HPV 类型,0
吃核桃能补脑提高智力,1
主食应包括全谷物提升营养密度,0
视力模糊需尽早就诊明确病因,0
转移癌就是毒素扩散,1
多拉伸会让人长高,1
跳舞不能当做运动,1
熬夜是干眼及眼疲劳的重要诱因,0
少食多餐不适合所有人,1
吃辣会导致痘痘,1
只要心情好癌症就能好,1
肚子热敷能减肥,1
吃猪脑补脑,1
不喜欢戴眼镜就别戴,1
月经期间不能洗头,1
高度近视只要戴厚眼镜就没事,1
生物钟紊乱与多种代谢和心理疾病相关,0
水果可以无限吃不长胖,1
脸上长痣是肝出问题,1
体重没降等于没效果,1
慢性咽炎一定会变成癌,1
喝油能润肠减肥,1
血管垃圾形成血栓,1
蔬果洗完后掉色并不是一定被染色了,0
精液黄色就是生殖系统病,1
晒太阳10分钟就能补钙,1
高蛋白饮食不适合肾功能异常人群,0
不戴眼镜眼睛会自己恢复,1
水没有保健治病功效。,0
塑形只靠仪器按摩也可以,1
晚起说明气血不足,1
起床头晕就是血压低,1
疫苗接种属于自愿但具社会责任,0
体质虚的人不能喝冷水,1
疫苗打后仍应继续佩戴口罩和勤洗手,0
刮痧应注意卫生避免皮肤破损感染,0
疫苗需按计划完成接种程序保障长期有效性,0
戴眼镜眼睛会变懒,1
肿瘤是否切除应由医生评估不能凭传言判断,0
肺炎支原体感染不等于支原体肺炎,0
糖尿病患者不应完全禁主食可选低GI食物,0
警惕生食水产品带来的风险。酒、醋、芥末等并不能有效杀灭寄生虫及致病菌。,0
吃糖太多会得糖尿病,1
心理治疗是科学方法非“唠叨开导”,0
调理体质应建立在科学检测基础上,0
黄连素可以长期服用清火,1
只要喝粥就养胃,1
患登革热发热时以物理降温为主,0
病毒能在塑料上存活一整年,1
打鼾的人比不打鼾的人更长寿,1
三七粉具有活血作用但不适合长期滥用,0
不吃肉就不会得癌症,1
孩子看书离得近是专注表现,1
夜间驾驶需注意光感和视野变化,0
睡前喝酒能助眠,1
安全期避孕失败率较高,0
转动眼球可舒缓但不能纠正近视,0
只要节食就一定会瘦,1
长期吃素可以降血脂,1
疫苗未见对胎儿结构发育产生负面影响,0
周末补觉越久越健康,1
有氧结合力量训练更利于代谢健康,0
类似山楂这种带有涩味的水果，不应该空腹吃，也不要多吃，或者吃的时候尽量多嚼嚼，不要让胃里面同时还存在大块食团,0
宫寒是中医术语不能直接对应妇科疾病,0
母乳颜色越白越好,1
怀孕期间性生活一定会流产,1
忌口比治疗更重要,1
脂肪的代谢需要通过运动氧化燃烧,0
大多数肿瘤不能靠B超单独诊断需多种检查,0
性生活频率少非致癌风险因素,0
HPV疫苗只适合有性生活的人,1
孩子走路晚智力就差,1
手脚发凉原因众多不能归因单一体寒,0
鼻头红是酒精肝的征兆,1
手上青筋暴露是气血不足,1
咳嗽不能吃鸡蛋,1
可乐杀精、芹菜杀精、骑自行车杀精、放裤兜的手机杀精、地暖杀精,1
疫苗副作用比自然感染带来的伤害小得多,0
跳舞只能练灵活性没其他作用,1
剩菜要等凉了再放冰箱,1
多吃胡萝卜能治近视,1
处女膜可以修补就等于没问题,1
头发油是肾虚,1
饮食滋补应配合科学营养建议,0
夏天吃苦瓜清热解火,1
补药不适合青少年常规使用,0
所有抑郁症患者都需要住院,1
心理问题无“轻重贵贱”皆值得关注,0
银耳红枣汤补气养血无确切医学证据,0
训练可缓解调节功能但不能逆转轴性近视,0
背部训练对体态和脊柱健康重要,0
疫苗不引发慢性病也不会致使寿命缩短,0
痛经是因为不够暖,1
疫苗会破坏DNA,1
每天喝绿茶就能减脂,1
疫苗推广背后有巨大阴谋,1
心理状态和压力水平也会影响体重管理,0
抹牛奶洗脸能祛斑,1
眼药水不能治疗近视只能辅助缓解干涩,0
手机辐射会导致不孕不育,1
心理疾病的人不可信赖,1
适量碳水摄入有助于维持代谢和控制饥饿感,0
海鲜水果不可以一起吃、牛奶榴莲不可以一起吃、豆浆鸡蛋不可以一起吃、豆腐菠菜不也能一起吃,1
红糖水能治疗痛经,1
绝大多数的原发性高血压患者都需要终身服用降压药，不能随意停药,0
感冒吃抗生素好的更快,1
抗氧化食物如蓝莓绿茶应适量摄入,0
洗头后不吹干会得脑膜炎,1
练腹肌能减内脏脂肪,1
多喝骨头汤能补钙,1
蓝光眼镜可以防止一切视力下降,1
苹果越酸越能刮油,1
运动不能断，哪怕生病也要练,1
绿色蔬菜不能多吃会寒凉,1
每天饮水量应因人而异非固定八杯水,0
锻炼后不能吃饭,1
多走路能治静脉曲张,1
吃完饭马上刷牙会瘦,1
饮食中完全去糖才算健康,1
饭前喝水可适当减少进食量,0
牛奶和柠檬不能一起吃,1
目前无科学证据表明疫苗与自闭症有关,0
戴眼镜越早度数越深,1
天冷多穿衣不容易感冒,1
女性只要高潮就一定会怀孕,1
部分疫苗需加强针以维持抗体水平,0
"正确坐姿的关键主要在于保持脊柱跟水平面垂直,跟叉不叉腿关系不大。正确的坐姿应是:双脚平放于地面,与肩等宽,大小腿呈90度,脊椎在自然状态下竖直,不要前倾或后倾,也不要左右倾斜;上身直立,头部、肩部和骨盆在一条直线上,下巴微收。",0
瘦身霜能融化脂肪,1
处女膜不是判断贞洁的依据,0
胎教音乐能提高智商,1
腿部训练可提升力量非单一增粗,0
暴晒让塑料瓶中的物质分解溶解在水中，所以经过暴晒的矿泉水不能喝。,1
燕窝没有特殊功效。,0
不饿也要按时吃饭,1
热身可提升身体温度与运动表现,0
束腹带可以减肥,1
吃榴莲配可乐会猝死,1
只吃素比吃肉更健康,1
适当改变晚餐时间可以有效降低血糖,0
只吃蛋白质可以减肥,1
小孩子感冒不能吃药只能推拿,1
疫苗接种不等于“绝对不会感染”但能减缓病情,0
肚子热敷可以瘦腹,1
打喷嚏说明有人在想你,1
白头发多说明缺钙,1
枸杞泡水养生效果最好,1
适度午睡可提高下午专注力和记忆力,0
喝水越多基础代谢越高,1
癌症治疗包括手术化疗放疗靶向和免疫治疗,0
运动中不能喝水,1
字体大小影响用眼舒适度但不决定是否近视,0
喝茶能降血脂代替药物,1
癌症是“堵”出来的只要通就好,1
成人接种疫苗同样有重要意义,0
脱发主要与遗传、压力或自身免疫等因素相关,0
长期戴眼镜眼球会凸出,1
传染病不会直接改变人格,0
阿胶不补铁,0
月经提前就是内分泌失调,1
心理问题不能让别人知道,1
运动有助睡眠但应避开临睡前数小时,0
调节电视亮度可以预防近视,1
黑眼圈是肾虚的表现,1
中医讲求因人制宜不可盲目用药,0
艾灸操作需安全规范避免烫伤,0
游泳能变身完美体型,1
人参适合所有体质的人滋补,1
女性年龄大了就不能生育,1
肉松不是棉花做的。,0
艾草泡脚治百病,1
中医调理比西医治本更彻底,1
补铁食物包括红肉蛋黄深色蔬菜等,0
瑜伽是一种有效身心锻炼形式,0
性冷淡不能通过医学干预,1
长时间说话会喉癌,1
睡前焦虑情绪会影响入睡效率,0
孕期适度运动有助顺产和体能,0
全日热量控制优先于单一餐控,0
适量摄入蛋白质对慢性病患者有益,0
所有药物和疫苗的安全性需大量数据评估,0
饮食起居对中医调理效果影响巨大,0
蛋白质越多肾越健康,1
接种疫苗后的轻微不适大多24~48小时内消退,0
增肌有助于提高基础代谢，从而帮助减脂,0
打鼾并非睡得好可能为气道阻塞表现,0
早泄可由心理或生理因素引起需评估干预,0
精神类药物会上瘾不能吃,1
胳膊发麻是脑梗前兆,1
长睡眠是治疗一切病的良药,1
适当运动不会影响视力,0
中医理论基于历史经验但需结合现代医学理解,0
老年人不需要太多睡眠,1
节后暴饮暴食应通过平衡饮食和恢复运动调整,0
节食+过度运动易引发代谢问题,0
心理疾病都是矫情,1
肝脏可以吃。。,0
频繁眨眼可能提示眼病应就医,0
新冠疫苗已通过充分验证并获国际批准,0
糖尿病就是“富贵病”,1
抑郁症不等于不能工作需个体化评估,0
食物清肺没有科学依据,0
打疫苗前不能吃鸡蛋,1
疫苗会引发癌症,1
打新冠疫苗会导致不孕,1
所有妇科病都和宫寒有关,1
刮痧能排毒养颜,1
饥饿感管理需要蛋白质膳食纤维和规律饮食,0
适当有氧不会破坏肌肉,0
白天睡再多也不会影响晚上睡觉,1
心理障碍可通过干预恢复正常生活功能,0
打疫苗会降低免疫力,1
多睡觉能减肥,1
不犯困说明睡眠不缺,1
合理清洁发热时洗澡不会加重病情,0
打鼾只是小毛病不用治疗,1
吃猪血能清肺,1
性病与性行为方式有关不等于“惩罚”,0
睡前避免强光和蓝光有助入眠,0
西红柿不能和海鲜一起吃会中毒,1
红糖也不补铁。,0
心理问题等于精神病,1
吃木耳不「清肺」,0
肝火旺并非真实“火”需结合现代病因分析,0
夜里醒来是身体在排毒,1
出汗多少，排出的几乎都是水分，排毒作用微乎其微,0
做梦并不代表没休息好,0
海带和猪血同食会伤肝,1
保持规律作息对心理健康有益,0
疫苗不能预防变异病毒,1
癌症来源于情绪压抑,1
用舌头舔牙能治牙周炎,1
远眺可逆转近视,1
便秘不是诱发直肠癌的高危因素,0
疫苗是人体试验产品,1
黄连素对痢疾类疾病有效不能滥用,0
蛋白质补得越多越容易瘦,1
补钙除奶类外也可通过豆类鱼类摄取,0
深睡眠是身体修复的重要阶段,0
疫苗能引发精神疾病,1
打呼噜不会危害身体,1
抢救心搏骤停的患者时，应当第一时间进行心肺复苏,0
焦虑抑郁可以通过心理治疗逐步改善,0
免洗洗手液不代替流水洗手,0
疫苗注射后寿命缩短,1
健身必须请私教才有效果,1
散光能自愈,1
补觉不能完全替代长期睡眠不足的影响,0
早起锻炼适合早睡人群,0
夜里洗头会生病,1
病毒不能附着于毛发长期传播,0
女性不高潮是天性,1
心理疾病也属于医学范畴,0
适度阳光有益健康但非病毒杀手,0
多喝醋能软化血管,1
孩子频繁眨眼说明聪明,1
多晒太阳能治骨质疏松,1
心理问题不影响个体价值,0
性经验不应作为评判女性价值的标准,0
用眼不度数就不伤眼,1
他汀伤肝伤肾、不能常吃,1
减脂应结合合理运动和个体差异调整,0
吃酵素不减肥。,0
腹肌训练需搭配饮食控制,0
拍打肝经能排毒,1
吃碱性食物能防癌治癌,1
塑料瓶中的水暴晒后仍然可以饮用,0
咖啡因会延迟入睡应避免睡前摄入,0
脂肪燃烧需要持续运动而非瞬时爆发,0
走路是适合大多数人的初级有氧方式,0
泡脚有助睡眠但不能治疗慢性疾病,0
退烧后反而可能是登革热感染者最危险的时候,0
喝骨头汤能补钙,1
用醋洗澡无科学证据支持其排毒作用,0
吃黑芝麻能降血糖,1
睡前刷手机能帮助入眠,1
力量训练不会影响智力,0
苹果减肥法三天能瘦十斤,1
胎儿心跳慢是男孩,1
疫苗导致婴儿猝死,1
接种疫苗不影响智力发育,0
. 糖尿病人要把血糖降到正常范围,1
疫苗等于病毒注入体内,1
避孕药不具成瘾性,0
常喝莲子心茶降心火,1
艾滋病能通过蚊子叮咬传播,1
多吃猪肝补血养肝,1
所有流行病都是疫苗造成的,1
锻炼时间越久越好,1
不能局部减脂脂肪减少是全身性的,0
半夜醒来说明肝不好,1
乳制品含钙丰富但需避免高糖添加饮品,0
黄瓜不能和花生一起吃会拉肚子,1
中药是没有副作用的,1
心理疾病就是软弱的表现,1
益生菌对肠道有益但需结合膳食结构,0
心理疾病不能治愈只能维持,1
走路走一万步就一定健康,1
疫苗会导致自闭症,1
一次彻夜通宵不会影响健康,1
重复感染需关注防护措施,0
阳性就是重症,1
长寿更依赖生活方式而非个别食疗,0
蟹肉棒里没有蟹肉。,0
看心理医生是一种积极面对问题的行为,0
常眨眼能改善近视,1
啤酒配烧烤等于慢性自杀,1
假性近视可逆但长期拖延可能发展为真性近视,0
晚上用脑多会睡得更香,1
婚前性行为等于道德沦丧,1
每天吃点黑芝麻头发就不白,1
心理疾病者不应该为自己的行为负责,1
体重秤不是唯一评估健康的工具体成分更关键,0
喝三七粉能活血化瘀治一切,1
锻炼并不能实现局部减脂  进行运动时，身体会代谢并消耗全身的脂肪，而不是特定部位的脂肪。,0
痛风需控制嘌呤摄入但非完全禁肉,0
纯素食不需要补充维生素,1
水果不含糖不会影响血糖,1
高血脂与膳食结构、遗传相关需综合干预,0
肌肉增长需搭配营养与训练刺激,0
口交一定传播性病,1
高血压患者应限制钠摄入而非完全不吃盐,0
病毒感染不影响使用空调,0
良好的心理状态有利于治疗配合但非唯一因素,0
高血压头痛就是脑溢血前兆,1
自残是为了引人注意,1
空腹喝蜂蜜水不能治疗便秘。,0
认知行为疗法是广泛应用的有效治疗手段,0
不打疫苗就能远离医院,1
心理咨询是专业干预而非简单倾诉,0
黑头粉刺挤干净才健康,1
补钙只能靠喝牛奶,1
HPV疫苗可有效预防宫颈癌,0
打疫苗会得抑郁症,1
举重后一定会驼背,1
水果越甜热量就越高,1
舒适装备可增强训练体验非必须条件,0
控制饮食不需要管睡眠,1
狂犬病潜伏期一般在数周至数月,0
咳嗽拍背能拍出痰来,1
成人打疫苗无意义,1
只靠补剂就能练出好身材,1
女性年龄越大生育风险增高但仍可孕,0
疫苗中的辅料都是致癌物,1
生完孩子继发性痛经并不会好，只是在一定程度上缓解原发性痛经,0
科学记录饮食有助于了解热量摄入和改善习惯,0
得了干眼症只能靠滴眼药水,1
卸妆只用清水也可以,1
补肾就能治阳痿,1
跳绳练久了会长高,1
菠菜豆腐一起吃，很少发生得肾结石的情况,0
饮食计划应长期坚持不建议快速节食法,0
女性不能主动要求避孕措施,1
小儿推拿仅能缓解部分症状不能替代药物,0
输液能预防心脑血管疾病,1
心理疾病无法判断真假,1
肚脐贴药能治胃病,1
有传染病的人一定很脏,1
入睡慢说明脑子聪明,1
多喝酒可以活血,1
并不是所有的粗粮都有助于减肥,0
剃光头”起不到激活毛囊促进生发的作用。,0
定时起床比补觉更有助身体调节,0
没有食物可以杀死癌细胞,0
阳气不足非现代医学概念缺乏量化标准,0
十根手指测得的血糖值并没有差别,0
豆腐富含钙质适量摄入不会导致结石,0
柿子和螃蟹一起吃会结石,1
自慰不影响生殖器发育,0
老年人不该洗冷水澡,1
睡眠质量比单纯时间更重要,0
痛风只要不吃海鲜就好,1
训练应配合科学方法与饮食休息,0
喝莲子心茶可清心火但需控制用量,0
长相奇怪的草莓可以吃,0
中医能让头发变黑,1
HPV疫苗是预防宫颈癌的重要工具,0
隔夜菜不致癌。。,0
只要狗打疫苗就不会传播狂犬病,1
吃饭后吃一些特定食物能抵消热量吸走脂肪,1
五谷杂粮是营养来源之一非灵丹妙药,0
心情不好就是肝气郁结,1
一日只吃两顿更长寿,1
良好的社会支持有助于心理康复,0
白天充足光照有助晚上入睡,0
抗生素可以治疗所有感染,1
所有汤都有高营养价值,1
床越软越有助睡眠,1
自慰会导致精神问题,1
胃病治疗需明确病因不应依赖肚脐贴药,0
胶原蛋白不能养颜美容。,0
饥饿非训练效果指标,0
背部有痘是肺不好,1
只要不孤独就不会有心理病,1
肿瘤标志物高就是癌症晚期,1
瑜伽练习时间越长越能瘦,1
快速减肥往往难以长期维持，容易反弹,0
零食一概不能碰,1
. 喝茶不减肥。。,0
长期打鼾可能是睡眠呼吸暂停的表现,0
呼吸声重睡得深,1
高血压没有症状就没有危害,1
膳食应结合年龄性别体重和活动水平定制,0
减少手机使用有助视力保护但非唯一因素,0
糖分并非毒素关键在于控制摄入量,0
疫苗不会造成长期激素失调,0
吃补品能提高怀孕几率,1
疫苗是预防传染病最有效的公共卫生手段,0
刮痧能降血压,1
乳腺结节多数为良性需定期随访,0
HPV疫苗已获FDA等国际权威机构广泛认证,0
小儿推拿能治好感冒发烧,1
生地黄能清热养阴通便,1
春捂秋冻”身体好,1
天天洗头发会掉光头发,1
抗癌只能靠意志力,1
针刺耳朵能降血脂,1
高温天气病毒就会自然死掉,1
咽炎不能说话否则加重,1
蜂蜜、大蒜并不疗幽门螺杆菌感染,0
放疗化疗需在医生指导下规范执行,0
合理锻炼不会损伤肾功能,0
打手枪会影响生长发育,1
蒸汽眼罩并不能护眼助眠,0
果糖比蔗糖健康很多,1
高蛋白饮食要搭配足够水分防止代谢负担,0
跳跃运动能瘦肚子,0
疫苗并非病毒本体而是病毒成分或灭活体,0
夜间排尿多是肾虚,1
每天喝醋能降血压,1
肺结节就是肺癌前兆,1
老花和近视可共存不同机制需分别矫正,0
节食加运动瘦得最快,1
得过病就不用打疫苗,1
久坐不动比跑步更伤膝盖,0
中药不能替代抗生素治疗细菌感染,0
阳光适度照射有益但需防紫外线伤害,0
只吃生菜几天就能瘦很多,1
规范训练可降低运动损伤风险,0
夜间排尿增多可能需泌尿科或内分泌科评估,0
不吃变质食物。避免食用长时间在室温下放置的凉菜和散装熟食。,0
手脚冰凉就是血液循环差,1
女性不易增大肌肉块，不必害怕力量训练,0
高血压患者不能打流感疫苗,1
卧床不动不等于真正休息,0
定时作息比一次性长睡更重要,0
吃辣可以加速脂肪燃烧,1
糖尿病只要忌口就能控制,1
病毒多为自然变异出现,0
脂肪可以通过汗水排出,1
长期饮酒是肝癌重要危险因素,0
癌症是吃出来的,1
黑豆营养丰富但不具特效治疗作用,0
锻炼腹肌能减掉肚子上的脂肪,1
苦参等中草药成分需经毒理验证后使用,0
不抽烟不喝酒就不会得癌,1
医学,0
疫苗对变异病毒通常仍有保护力尤其重症防护,0
月经不调都是肝郁气滞,1
咽喉痛是上火引起的,1
只有多性伴侣才会得性病,1
吃感冒药能预防新冠,1
拔罐会排出体内垃圾,1
捂汗不等于驱寒更可能诱发脱水,0
心理咨询可提升情绪认知和人际互动质量,0
腿粗就是因为练得太多,1
规律运动和充足睡眠是减脂成功的关键,0
敷蛋清能祛痘,1
自慰不会引发肾衰等系统性疾病,0
疫苗接种不会加快病毒变异,0
月子酒也别喝。,0
每天仰卧起坐100个能出腹肌,1
食物营养价值与价格无必然关系,0
高质量睡眠有助于情绪调节与记忆巩固,0
中医与心理调适结合能改善慢性压力,0
性格内向的人更容易得心理病,1
经常点按百会穴能增智,1
肚脐贴姜能治肚子痛,1
脖子长是气血不足,1
人要补肾才能强壮,1
流鼻血要抬头止血,1
头发稀疏是脑供血不足,1
秋天吃梨能清肺化痰防过敏,1
大多数疫苗不含动物源成分对过敏人群有替代选择,0
降糖药种类多需个体化选择,0
西瓜和小龙虾一起吃不会中毒,0
拔罐拔出紫的是湿气重,1
汤中营养不如食材本身丰富,0
中药补肾就能提高性能力,1
中药防病需结合现代医学并非万能,0
疫苗注射位置会癌变,1
胎盘是大补药,1
心理疾病靠自己调节就能好,1
粗粮吃越多越健康,1
花旗参会上火,1
疫苗保护人体的方式是预训练免疫系统,0
喝红酒能预防心脏病,1
水果热量低，吃水果可以减肥。,1
屋里熏醋不能预防感冒。,0
摄入脂肪一定会变胖,1
. 喝可乐不杀精。。,0
尿酸高也能吃豆腐。,0
打游戏也能放松促进睡眠,1
只要用清水冲洗私处就不会感染,1
打性抑制针的作用是治疗儿童性早熟，避免阻碍孩子身高增长，而不是增高,0
疫苗打多了会变笨,1
痛风就要彻底断肉,1
核心训练可提升整体稳定与表现,0
伤口必须用酒精才能彻底消毒,0
不打疫苗可能导致个体暴露于严重传染病风险中,0
接种疫苗的孩子更容易得病,1
规律运动有助女性内分泌平衡,0
拔罐后不能洗澡否则会寒气入侵,1
不喝酒不代表完全无肝癌风险应定期筛查,0
乳糖不耐者可选择酸奶或乳糖分解奶,0
血型和饮食模式无关。,0
发热就一定是新冠,1
心理问题没法预防,1
近视就不要运动,1
焦虑不是懒惰表现而是压力反应,0
吃高蛋白零食可以不长胖,1
油炸食品应少吃以减少反式脂肪和热量摄入,0
白天打盹能完全替代夜间睡眠,1
处女膜破裂一定意味着发生过性行为,1
多吞口水可以延年益寿,1
女孩子经期游泳会导致不孕,1
疼痛管理是癌症治疗重要部分之一,0
健康饮食应包含多样化天然食物,0
夜宵吃得少就不影响减肥,1
枸杞有保健作用但不能治疗屈光不正,0
艾滋病可发生在任何人群,0
玉米须煮水喝能降血压、降血糖、降血脂,1
大蒜空腹吃可以杀菌防癌,1
腹肌显现需整体体脂下降,0
病毒可以在水中存活数月,1
喝豆浆可以溶脂,1
早上第一泡尿最养生,1
看电视距离合适和亮度恰当更关键,0
在公交车上坐下就可能感染疾病,1
方便面不需要肝脏排毒 32 天。「,0
感冒不吃药也会好,1
青光眼和白内障是一回事,1
自慰不会引起乳腺疾病,0
心理问题不等于性格缺陷,0
早上自然醒就不用再睡,1
把双手搓热能杀菌,1
疫苗对变异病毒完全无效,1
高血压会遗传无法预防,1
做器械练不如自由重量,1
眼药水滴多了能视力恢复,1
大便不每天排就是便秘,1
部分人可能经历新冠后遗症应规范评估,0
夜晚情绪波动可能加剧失眠问题,0
每天起床时间保持一致可加强生物钟,0
健脾补气常用于体倦乏力但不是万能,0
吃水果不需要限量和种类搭配,1
乳糖不耐受就等于不能喝任何奶,1
心理咨询师根本不会保密,1
看心理医生会上瘾,1
生冷食物对消化影响因人而异无绝对禁忌,0
不要靠吃何首乌黑发。,0
手脚冰凉就是体寒需要调理,1
抑郁症患者都是不满足的人,1
药物治疗对部分重度患者是必要手段,0
中药比西药一定更安全,1
手术可矫正屈光但存在适应症与风险,0
月经周期的变化因人而异非越多越好,0
瘦子也可能是高血脂,1
训练应循序渐进避免过度,0
夜间驾驶不影响眼健康,1
疫苗没有通过完整试验就上市,1
维生素可以替代食物用于减肥,1
只要远眺就能防近视,1
无论是餐前还是餐后吃水果，都不会影响营养的消化吸收。,0
蛋白质吃多了伤肝伤肾,0
喝中药不能用不锈钢锅煎煮,1
步行可促进健康但不一定满足全部训练目标,0
生吃洋葱可以杀菌,1
长期早醒说明睡眠好,1
戴多层避孕套反而易破损不推荐,0
有氧、力量结合多种方式皆可燃脂,0
发烧就等于传染病,1
睡觉前必须热水泡脚,1
蒸锅水致癌  反复用来蒸馒头等的剩锅水，重金属和硝酸盐的浓度会增加，而硝酸盐受热分解成亚硝酸盐，对人体危害严重。现代医学已证明，亚硝酸盐是一种强烈的致癌性物质。,1
散瞳是检查屈光准确性的手段无永久伤害,0
黄瓜的苦涩感是黄瓜本身的成分导致的  越靠近黄瓜尾部，苦味素越多，吃的时候会感觉口感苦涩,0
按摩肚子能治便秘,1
肾结石是喝矿泉水造成的,1
食补应因人而异不能以偏概全,0
性功能障碍可通过治疗恢复,0
心理问题可以预防如建立良好应对机制,0
精子质量无法通过饮食改善,1
喝绿豆汤能解一切毒,1
清洗尿道无法代替性病防护,0
流感疫苗需年年接种因病毒变异迅速,0
仰头的动作可以缓解颈椎病,1
长皱纹是因为洗脸太多,1
心理问题不排除身体疾病背景需综合评估,0
热水能缓解过敏,1
“液断减肥法”，喝着喝着就瘦了。,1
癌细胞怕热喝热水能抗癌,1
包皮问题需医学评估与是否手术无绝对,0
坐窗边看书对眼睛好,1
视力恢复训练能逆转近视,1
补钙应当以食物为基础。,0
高血压患者在服用药物治疗期间吸烟、喝酒，可能会影响药效，不利于疾病的治疗，甚至会加重病情,0
中医治疗应重视现代影像学检验辅助诊断,0
只要有痣就是癌前兆,1
脱发是因为用脑过度,1
动物肝脏富含铁但不建议频繁摄入,0
经常自慰会缩短寿命,1
高血压等慢病需规范用药不能靠调理代替,0
有了颈动脉斑块就要吃阿司匹林，岁数大了吃阿司匹林能预防心梗、脑梗,1
乳腺增生是乳腺癌的前兆,1
青少年及成人适龄接种疫苗可有效预防疾病,0
洗牙不能让牙齿变白,0
抗菌药对流感病毒无效,0
一些营养素，如胡萝卜中的β-胡萝卜素，经加热处理后，吸收率可显著提高；菠菜、苋菜等叶菜类中的草酸和植酸会影响钙、铁等吸收，焯水后能大幅降低草酸和植酸的含量，提升营养素利用率。四季豆、扁豆等豆类含有植物凝集素和皂苷，未充分加热易引发恶心、腹泻等中毒症状，需彻底煮熟后食用。,0
晚饭后不动就会胖,1
按摩眼部能治近视,1
鸭血、鸡血、猪血不能清肺。吃了后大便发黑不是「排毒」，是铁太多没吸收。没那么多毒要排！,0
喝水虽有益健康但不会直接排脂肪,0
咳嗽就是肺热,1
气血虚证需中医辨证论治不可自行判断,0
精子多说明性能力强,1
"定期输液并不能预防心血管疾病大部分水果加热后,营养流失不大,只有少部分维生素C含量高的水果,加热后维生素C会遭到破坏,比如猕猴桃、橘子、柚子、橙子、草莓等。",0
运动一定要快节奏才燃脂,1
维生素片的服用应遵循医生的建议，不应随意大剂量长期服用。,0
多吃蛋白粉就能增肌,1
减肥就必须完全戒糖,1
“脾胃虚弱”应结合现代消化系统检查分析,0
同等摄入量下，动物油和植物油所含能量几乎一致,0
睡眠分阶段包括浅睡、深睡和快速眼动期,0
饭后百步走活到九十九,1
碱性食物能防癌,1
吃菠菜会得肾结石,1
上了年纪都应该吃阿司匹林,1
少食多餐适合部分人但非普适方案,0
起夜频繁属于老化必然现象,1
艾灸可以包治百病,1
高温下运动出汗多，减肥更高效,1
糖尿病早期无明显症状但已对器官造成损害,0
肿瘤治疗策略需多学科综合制定,0
得了传染病一辈子都会传染人,1
糖尿病可通过调整饮食运动和药物控制病情,0
母乳比奶粉营养差,1
月经不是排毒行为而是子宫内膜剥落,0
多看绿色能治疗近视,1
肥胖是因为体质寒湿,1
蛋黄的颜色不能代表营养水平，受到母鸡的年龄、品种、健康状况，饲料成分及色素的含量等多种因素的影响,0
包皮不割会导致不育,1
合理补钙有助脂肪代谢但非减肥手段,0
新冠疫苗是实验品不能打,1
晚饭不吃可能导致营养不足和代谢紊乱,0
鱼刺卡喉喝醋能软化,1
登革热主要通过蚊虫叮咬传播,0
趁热吃东西对胃肠更好,1
得癌症不能吃糖,1
老花眼是自然退化与智力无关,0
激光手术需评估术后仍需保护,0
心理治疗是外国人的玩意,1
隐形眼镜需定时更换避免缺氧与感染,0
咨询不是说教而是协助探索自我,0
调气补肾是治百病之本,1
捏脊可以治疗孩子挑食,1
心理疾病与生理疾病一样需要科学治疗,0
流感就是小感冒没必要治疗,1
喝苏打水不能酸碱体质、,0
打手枪会使阴茎变短,1
得癌的人都是命不好,1
糖吃多了会导致孩子变笨,1
跑步时心率控制在燃脂区间更有效,0
性生活频繁女性容易子宫下垂,1
看心理医生就是精神病,1
病毒能渗透任何衣服口罩无效,1
洗牙会把牙齿洗坏,1
性生活越多越伤身体,1
每日补充多种维生素以及多种微量元素有益健康,1
艾滋病能通过咳嗽传播,1
社恐就是装出来的,1
节日或外出时关注份量胜过完全忌口,0
五脏六腑状态无法由指甲颜色直接判断,0
香蕉空腹吃会中毒,1
睡前不宜摄入高脂或高糖食物,0
喝汤并不能「大补」。,0
鲶鱼可以吃,0
中医与营养学结合有助个体养护,0
所谓“气血两虚”并无法通过自我判断确诊,0
有心理疾病不能正常生活和工作,1
疫苗导致免疫系统崩溃,1
灸法越烫越有效,1
充足饮水适度限盐平衡蛋白质摄入量增加膳食纤维的摄入量可以预防肾结石,0
心理咨询师受职业伦理约束需保密当事人信息,0
平板支撑提升核心稳定非直接减脂,0
洗碗能治疗肩周炎,1
男人要壮阳必须吃补肾药,1
心理咨询并非闲聊而是专业会谈,0
洗冷水澡不能增强免疫力反而可能诱发感冒,0
尿尿次数多，说明肾不好,1
胶带捆过之后，蔬菜中的甲醛超标,1
频繁自慰不会导致器官变形,0
过度哭泣暂时模糊视力但不致盲,0
心理疾病只发生在弱者身上,1
生活规律运动均衡才是真正的养生之道,0
心理病就像感冒一样会自动好,1
未婚女性不应该使用妇科产品,1
HPV疫苗影响生育能力,1
不睡觉能增强意志力,1
打疫苗会损伤大脑,1
换季输液预防心脑血管病,1
肝病患者不能吃蛋,1
口舌生疮需结合营养和病毒感染综合判断,0
坐飞机会加重近视,1
所有慢性病都可以通过调理根治,1
放血疗法存在感染风险并不推荐,0
体重不是唯一衡量健康的标准,0
疫苗成分对身体伤害大于疾病本身,1
晚上泡脚越久越好,1
月经杯不会影响处女膜完整性,0
多喝水有利健康但不等于越多越好,0
流感可能引发并发症应及时治疗,0
鸡汤有毒不能每天喝,1
远眺为调节训练但非治疗方式,0
肚脐贴姜能治胃寒,1
慢性病如糖尿病高血压可通过管理控制,0
疫苗接种不等于100%免疫但能显著降低严重风险,0
血糖高就是糖吃多了,1
有宠物就容易得传染病,1
洗头可保持清洁但非防病措施核心,0
健康饮食要避免极端限制某类营养素,0
针灸对某些疼痛和神经性问题有疗效,0
做噩梦是阴虚火旺,1
大豆异黄酮能减缓乳腺癌细胞增长，降低乳腺癌发生风险,0
每天睡午觉能延年益寿,1
长时间睡眠也可能与抑郁或慢病有关,0
别靠喝酒暖身子。酒精会刺激血管扩张，让皮肤感到温暖。但这样会散失很多热量，过一会反而更冷。,0
吃猪脑能变聪明,1
热敷和艾灸需注意适应症及禁忌人群,0
体外排精避孕失败率高并不可靠,0
腹肌每天练越多越快出来,1
精神疾病患者大多温和无攻击性,0
视力异常应由专业眼科评估而非归因肝功能,0
白发拔一根长三根,1
高血压患者可在医生指导下注射疫苗,0
吃蛋黄会升高胆固醇,1
别靠不吃晚饭减肥。,0
水果的营养价值不会因食用时间而改变，但不同人群可根据自身需求选择吃水果的时机,0
睡前喝牛奶一定能睡着,1
青少年不需要眼科检查,1
喝酒使我们容易入睡，但却更容易早醒，而且醒来后更难睡着。另一方面，酒精的“助眠”效果会逐渐递减,0
疫苗虽保护力降低仍有效降低住院风险,0
不吃饭加运动是最快减脂方法,1
维生素C越多越好,1
包了保鲜膜的西瓜，会滋生更多细菌,1
精神疾病患者也可有高功能状态,0
不需要热身直接开练更有效,1
健脾补气可包治百病,1
每天花五六分钟转动眼球能治愈高度近视,1
心理病就是想太多,1
睡觉流口水通常为熟睡状态,0
癌症不需要化疗靠食疗就行,1
婚前性行为需双方自愿与安全防护,0
节食过程中不要运动,1
梦境属于正常生理现象,0
每天眨眼100次可恢复视力,1
吃中药不能吃萝卜,1
不能仅凭有无“头痛”“头晕”的症状来判断高血压的严重程度,0
皮肤黑说明肾不好,1
传染病防治需科学规范非靠意志力,0
中药泡脚可以替代口服药,1
常用眼必然近视,1
优质安全套已通过致癌性检测无害,0
苦瓜再苦也能降血糖,1
规律性生活有益身心健康,0
中药无副作用可以长期随意吃,1
心理支持对慢性病患者康复非常关键,0
长痘可由内分泌或皮肤因素引起,0
所有植物油都是低脂的,1
坐月子吃鸡蛋越多越好,1
体重掉得越快越好,1
身体脂肪的减少依赖长期能量摄入小于消耗,0
去看心理医生是丢人的事,1
饮食行为应配合生活习惯和运动计划制定,0
疫苗的有效性与接种程序和时机密切相关,0
喝酒促进代谢有助减肥,1
夜里醒来不能再入睡说明身体有病,1
戴老花镜越早越容易依赖,1
口服中药需防范肝肾功能影响,0
节食一天等于瘦0.5公斤,1
孩子早晚会长高,1
隐形眼镜应正确使用与护理,0
外地人非高危传播群体,0
饭后百步走活到九十九,1
手心发热是虚火旺,1
「千滚水」不会致癌,0
瘦就是美,1
睡觉戴矫正眼镜能治近视,1
喝热水能治百病,1
指甲颜色看身体五脏健康状况,1
风湿病是因为风吹的,1
高个子容易得癌,1
早上空腹喝淡盐水可以排毒养颜,1
补充优质脂肪有助激素调节,0
阴道松弛了就代表性生活混乱,1
狂犬疫苗按程接种可有效预防发病,0
心理困扰是生活中常见现象需理性面对,0
牛奶越浓越有营养,1
喝凉茶能去火祛湿,1
胡萝卜和白萝卜不能一起吃,1
儿童梦魇多与心理压力或发育阶段有关,0
用牙膏洗脸能除黑头,1
疫苗能让人失去生育能力,1
运动后补水应以常温为宜,0
孕妇吃燕窝孩子皮肤好,1
运动强度越大，减肥效果越好,1
锻炼后摄入营养助恢复不致发胖,0
宝宝头型是睡出来的,1
拔火罐能瘦身塑形,1
长期生酮饮食还可能对健康产生负面影响，包括肾脏负担、酮酸中毒和营养不均衡等问题,0
南瓜可控血糖升高适量可用于糖尿病饮食,0
吃代餐能长期代替正餐减肥,1
白发多由遗传和年龄引起非单一肾亏,0
"洗牙可以清除牙石,阻止进一步的牙槽骨吸收破坏,防止牙龈出血或者牙齿松动,帮助治疗牙周炎等口腔疾病,但也会使原本就松动的牙齿暴露出来。随着治疗的",0
多吃补品就等于养生,1
疫苗可以植入操控芯片,1
夜间进食不是必定发胖关键在总热量控制,0
洗澡时加醋可排毒美容,1
早泄是因为肾虚,1
慢动作训练可增强肌肉控制能力,0
吃坚果不会发胖,1
女性绝经后就不需要关注性健康,1
奶白色的汤不是更营养。汤之所以是奶白色，是脂肪多,0
只要少吃就等于健康,1
橄榄油适合凉拌烹调应注意烟点限制,0
降压药致癌,1
外国人用空心菜净化土壤，空心菜是“毒蔬菜之王”,1
多吃辣会得胃溃疡,1
不规律睡眠与肥胖、糖尿病风险上升相关,0
天然维生素 C 不比合成的好,0
靠断食就能长期维持理想体重,1
老花和近视可以相互抵消,1
睡觉时必须全黑才能分泌褪黑素,1
心理医生和咨询师具有专业资质和培训,0
疫苗不会让人“成瘾”也无依赖性,0
出汗与运动效果无直接因果关系,0
换床睡不着说明心理有问题,1
吃欺骗餐能够提高基础代谢,1
只要不流泪就不是干眼症,1
运动后适度进食有助恢复,0
近视手术可矫正视力但不能提高眼睛结构功能,0
吃某些水果可以自然避孕,1
疫苗是资本操控的结果,1
脚心贴蒜治咳嗽,1
奶制品是良好钙来源乳糖不耐者可选代乳品,0
所有人都适合吃全素,1
婴儿剃光头发会长更浓,1
焦虑是注意力不集中的结果,1
心理治疗等于被精神控制,1
性冷淡与婚姻满意度无绝对关系,0
多补维生素对身体没坏处,1
体重高者可选择低冲击运动,0
吃安眠药越多越有效,1
性健康问题没必要公开谈论,1
降压药胃病药 抗抑郁药  解热镇痛药   部分感冒药 易导致中暑,0
苦味不代表疗效强药性需明确配伍科学,0
蜂蜜有排毒养颜的功效,1
疫苗使机体产生记忆性免疫应对未来暴露,0
燕窝养颜,1
药膳需科学配比不可盲信坊间传方,0
长期吃咸菜一定会得胃癌,1
肩周炎是冻出来的,1
少精症不可逆不能生育,1
刮痧能改善贫血,1
中药需要喝得苦才是“良药”,1
减肥药都有效只是要选对,1
新冠病毒可通过飞沫和气溶胶传播,0
多吃菠菜不会贫血,1
健康青年也应接种疫苗防扩散,0
吃降糖药会导致肾衰,1
维生素摄入建议优先通过食物获取,0
每个人体质不同养生建议不能一概而论,0
服用中药后立刻见效说明药到病除,1
感冒时洗澡注意保暖无害,0
心理疾病是被“说服”得来的,1
安全期避孕一定有效,1
只吃水果不吃饭就能减肥,1
痛风不能吃豆制品,1
注意查看食品标签。采购预包装食品时，注意查看生产日期、保质期等。建议购买独立小包装食物。,0
使用微波炉加热食品致癌,1
光照与黑暗调节人体昼夜节律,0
营养摄入应结合个人健康状况和目标,0
宝宝晚上哭是肚子里有虫,1
消毒水喝一点也能清毒,1
吃葡萄籽就能抗衰老,1
中医号脉能知道癌症早期,1
老年人看不清是正常老化不用治疗,1
精油香薰无明确杀菌防疫功能,0
眼药水可以美白眼白,1
癌细胞可以被某些草药完全消灭,1
小孩磨牙说明缺钙,1
不做手术近视永远不能治,1
生完孩子，别喝「下奶酒」。,0
泡脚水里加花椒能祛湿毒,1
淀粉类蔬菜不属于主食,1
冷水洗脸能缩毛孔,1
自然感染更能增强免疫力,1
疫苗不会在体内累积有毒物质,0
腹泻，不要禁食。,0
健身房比在家锻炼更容易瘦,1
每天坚持敲胆经能瘦腿,1
长期失眠没关系习惯就好,1
高血压、高脂血症患者，以及超重肥胖者，需要注意控制食用油摄入量,0
打疫苗会终身不孕,1
夏季腹泻要吃抗生素,1
风油精不能防病毒传播,0
均衡饮食+适量运动才是减脂正道,0
中药汤剂能预防流感病毒,1
孩子多晒太阳皮肤会变黑,1
增加日常非运动性活动如走路也有利减肥,0
感染病毒不能吹空调,1
骨头汤不补钙。,0
癌症患者不能接种疫苗,1
海豹油能降血脂、预防心脑血管疾病和糖尿病、抗炎抗衰、提高抵抗力、减肥,1
只有重大打击才会诱发心理疾病,1
越贵的食材越有营养,1
运动饮料适合所有运动人群,1
跳绳适合多数人群但应评估心脏状况,0
蔬菜熟吃可提升某些营养吸收率如番茄红素,0
中药补品应因人而异不能人人适用,0
酸痛并不代表训练有效,0
适度跑步不会损伤关节,0
剧烈运动才有燃脂效果,1
高度近视需定期检查眼底防并发症,0
肝郁就是女性情绪不好的根本原因,1
适度奖励性饮食有助坚持减肥计划,0
心理病人不能参与集体生活,1
所有病毒都会弱化变成感冒,1
疫苗接种有明确禁忌人群其余群体皆可接种,0
核酸阳性就是新冠,1
梦到水是肾病信号,1
疫苗打多了会中毒,1
练背没用又看不到,1
疫苗通过激活免疫系统建立防护屏障,0
艾滋病患者不能碰别人,1
避孕是双方责任不是女性专属,0
磁疗产品不太可能治愈颈椎病、关节炎等慢性疾病，对部分轻症患者可能起到缓解作用,0
孕妇不能用电脑手机,1
高强度间歇训练有助提升代谢和燃脂效率,0
出汗多就能把病毒逼出来,1
怀孕早期是否性生活应根据个体情况评估,0
HPV疫苗只能打一次,1
肚子上肉软说明更容易减,1
眼药水滴多了能治近视,1
运动和饮食控制应长期进行而非短期突击,0
用生姜擦头皮能治疗脱发,1
吃素不会缺乏任何营养,1
疫苗制造商隐瞒大量不良反应,1
碳水等于热量炸弹,1
月经不调吃红糖水就好,1
不累就没有锻炼效果,1
打鼾需警惕是否伴有呼吸暂停综合征,0
红糖水可以治疗一切妇科问题,1
中药和西药都可能有副作用需遵医嘱,0
用热毛巾捂肚子可以护宫养卵,1
多数新冠患者可完全康复,0
运动时喝水会导致抽筋,1
喂奶后不能马上抱孩子站起来,1
蔬菜可生熟搭配获取不同营养,0
经常吃豆腐并不会得肾结石,0
开空调会得肩周炎,1
口苦口干可能与肝胆或代谢有关,0
少精症可治疗部分仍可生育,0
手机字体调大就不伤眼,1
晚睡的人更聪明,1
每天笑一笑癌细胞会死掉,1
保健不能代替治疗健康问题应及时就医,0
床上玩手机助于放松睡眠,1
所谓碱性体质缺乏现代医学依据,0
心理问题会让人变坏,1
心理障碍与大脑生物学及生活经历有关,0
“零添加”通常指不额外添加防腐剂、色素、香精等食品添加剂，听起来好像“天然”，但这并不等于更营养或更安全,0
饭前喝醋减肥,1
无症状时佩戴口罩依然有意义,0
感染期患者应保持适度活动非完全卧床,0
心理咨询师不能读心而是引导当事人觉察,0
空调最合适的温度不一定是26℃,0
发热期间应补水防止脱水,0
每天喝中药茶能永远不生病,1
心理病不属于“真正的病”,1
跑步越久瘦得越快,1
不吃早饭更容易发胖,0
多样化饮食更有助于营养均衡,0
按摩颈椎可以缓解颈椎病的一些症状但不是所有类型的颈椎病都适合按摩,0
高血压治不好是因为吃了冷饮,1
疫苗中的成分均在安全标准范围内,0
心理疾病需持续观察不宜仓促下结论,0
牛奶营养价值不因稀稠而变化,0
大部分所谓减肥茶仅为利尿剂作用,0
戴隐形眼镜更护眼,1
大便稀是肠道变差了,1
癌症也可以通过靶向和免疫治疗提高生存期,0
控制卡路里不代表放弃美味可采用健康烹饪法,0
父母近视，孩子得近视的概率会变大,0
孩子心理问题都是家长太溺爱,1
运动后越饿说明越有效,1
每天按时排便能减重,1
咬牙说明肝火旺,1
使用电子产品会延迟褪黑素分泌,0
中药泡茶日常饮用能防百病,1
痰多说明肺有毒,1
晚上12点前睡才算真正睡眠,1
得过水痘就不能打水痘疫苗,1
心理咨询可提升情绪调节与人际交往能力,0
生酮饮食无副作用,1
胆固醇高就是病,1
生姜外用治疗脱发无科学依据,0
老人运动容易骨折应避免,1
健康饮食应包括碳水蛋白脂肪的平衡搭配,0
早晨空腹跑步最能燃脂,1
三高不能吃鸡蛋黄,1
水果和海鲜可以同食不会中毒,0
蛋白质摄入需根据体重与活动量调整,0
牛奶和香蕉一起吃不会拉肚子。,0
抑郁症和悲伤没区别,1
正确使用散瞳剂对眼睛不会产生危害,0
每天必须喝八杯水,1
维生素C能够预防感冒，吃得越多越好,1
把苹果加热一下再食用，更适合老年人和消化不良者。无论煮、蒸，还是烤，苹果的营养素都没有太大的损失。,0
吃素应注意蛋白质和微量元素的平衡,0
拔罐时疼痛说明病根深,1
正规安全套不会影响阴道菌群平衡,0
吃无花果不能降血糖。,0
打疫苗前不需过度忌口正常饮食即可,0
肌肉质量与健康密切相关,0
放血疗法能治疗各种慢性病,1
按揉脚底反射区能治心脏病,1
用中药面膜能祛斑美白,1
衣物表面病毒存活时间有限,0
童年创伤对成年人没影响,1
适当加热可通过改变食物结构，使其更易消化吸收。,0
补血要结合缺铁情况不能盲目吃阿胶,0
男性射精时间越久越强壮,1
多吃VC就不会得病,1
确诊患者有权获得医疗与社会支持,0
近视不是病不需要理会,1
白萝卜、胡萝卜可以一起吃。,0
喝酸奶不能助消化。,0
疫苗多数需多剂次接种以巩固免疫,0
拔罐后皮肤出现瘀斑为毛细血管破裂反应,0
禽流感病毒能通过鸡蛋传播,1
不直接饮用野外生水。看上去干净的河水、湖水等野外生水，不一定符合饮水卫生标准，不要直接饮用。,0
夜间醒来1-2次属正常若难以再次入睡应关注,0
肌肉多就等于健康,1
遗传是近视因素之一但环境同样关键,0
精神类药物需遵医嘱使用大多数不致依赖,0
长期睡眠不足会增加慢性病风险,0
疫苗对于控制传染病暴发具有不可替代的作用,0
基础代谢下降可通过运动饮食干预改善,0
艾滋病毒不通过皮肤接触传播,0
精子存活时间很短不可能意外怀孕,1
疫苗导致婴儿发育迟缓,1
心理咨询师不能帮人解决实际问题,1
板蓝根无证据预防新冠,0
老人气短乏力就是“气虚”,1
心梗可无预兆突发需重视急救知识,0
早起喝凉白开最解毒,1
疫苗未被发现会诱发精神疾病,0
疫苗让婴儿产生幻觉,1
舌苔厚不等于有病需结合其他症状判断,0
感冒多喝水就能好,1
疫苗不会造成性激素分泌紊乱,0
所谓“火气大”可能是感染或过敏反应,0
心理疾病的康复率因病种和治疗配合度不同,0
鼻子塌了是肺不好,1
睡眠断续多为睡眠障碍标志需评估原因,0
传染病患者需要被科学对待与尊重,0
吃巧克力会得青春痘,1
眼保健操非治疗而是预防性辅助手段,0
拥有肌肉可提升代谢和健康,0
湿疹能通过洗热水澡缓解,1
喝柠檬蜂蜜水空腹燃脂,1
奶茶比可乐健康,1
疫苗都是西方用来灭绝东方人种的手段,1
长期用药对肝肾伤害比病还大,1
睡前情绪不会影响睡眠质量,1
用眼强度而非度数决定疲劳程度,0
抑郁症治不好只能靠命,1
偶尔熬夜后应恢复正常作息而非狂补觉,0
精液射出不会造成身体“元气大伤”,0
得病是因为“运气差”,1
心理问题可以通过多种方式干预如认知行为疗法,0
疫苗接种可降低传播与重症风险,0
饮食多样化有助于防止微量营养素缺乏,0
合理适度的运动对哮喘患者十分重要,0
越苦的药越有用,1
糖分是身体的毒素,1
体虚者必须吃补药调理,1
良好的心理健康促进学习效率与生活质量,0
慢性病就是“慢性中毒”,1
只要看清就没必要换镜片,1
戴眼镜会让近视越来越深,1
心理疾病可作为残障类型接受合理便利,0
怀孕后不能同房,1
疫苗接种是公共卫生成功典范,0
疫苗会损害免疫系统,1
空腹运动不一定有损健康,0
洗澡时不能洗头会中风,1
正确通风戴口罩能降低传播风险,0
只要没插入就不会怀孕,1
接种疫苗虽不能100%阻断但能保护大多数人,0
拉伸能改善柔韧性降低受伤风险,0
怀孕需满足排卵与精子结合非由高潮决定,0
镜片需定期检查是否合适,0
糖尿病不是富人专属也可发生在营养不良者,0
牛奶不能和橘子一起喝会中毒,1
用精油熏香能杀菌防疫,1
体重可能不变但体脂率下降说明成效,0
睡醒后梦能记住就代表休息差,1
热水烫碗筷可以去除碗筷表面的尘土以及油脂，起到一定清洁作用，但是并没有明显的杀菌消毒效果,0
跳操是一种高效有氧方式,0
一次感染终身免疫,1
体内射精才算真正的性行为,1
情绪低落几天不等于抑郁症,1
汗蒸能排毒减肥,1
并非所有女性初次性行为都会出血,0
喝苦丁茶能降三高,1
快递经常消毒传播风险极低,0
喝咖啡可轻微提升代谢但效果有限,0
适当性生活有助于夫妻关系和身心健康,0
游泳有助关节健康但不直接增高,0
性病治愈后不会遗传给下一代,0
抑郁症不能工作也不能学习,1
体寒是百病之源要多喝热水调理,1
空气清新剂可以杀死病毒,1
体寒的人需要年年艾灸,1
反复感染会让人变傻,1
性生活少容易得癌症,1
感冒多数为病毒感染抗生素无效,0
疫苗只在发病率高时才有用,1
疫苗不含水银和有害重金属,0
吃阿胶补血效果显著适合所有女性,1
糖是癌细胞的食物,1
左眼跳财右眼跳灾,1
术后适当运动对视力无不良影响,0
吃得越早越容易瘦,1
“宫寒”是中医用语非西医病理诊断,0
主食吃得少身体更轻盈,1
头发少是因为洗太勤,1
富含维生素C、B族维生素等不耐热营养素的蔬菜，生吃更能保留营养，所以建议彻底洗净后生吃。,0
舞蹈是一种有效训练方式,0
佩戴眼镜后不能再恢复裸眼,1
吃抗过敏药不一定会产生依赖,0
喝咖啡会致癌,1
牙齿不整齐影响智商,1
疫苗是跨国集团操控社会的工具,1
眼睛需要矫正时应及时配镜,0
吃香蕉不能润肠通便,0
肿瘤复发都是医院治疗不当,1
晒黑后涂牛奶能变白,1
初夜不出血代表女性有问题,1
睡前建立仪式感有助放松和入眠,0
喝醋不能软化血管也不能预防心梗,0
适度自慰是正常的性行为表达方式,0
只吃素就不会得传染病,1
心理病人没法控制自己行为,1
泡沫尿并不一定意味着肾脏有问题。大多数情况下，它可能是由于日常生活中的无害因素引起的，如高蛋白饮食、尿液浓度高、尿液流速快或站立排尿时与马桶水面接触剧烈等,0
化疗是治疗癌症的重要手段之一,0
喝稀饭吃面条养胃,1
多吃红糖红枣能补血,1
熬夜只要补觉就能恢复,1
规律生活习惯对睡眠质量至关重要,0
艾滋病感染后有一个窗口期,0
感到焦虑是因为你太无能,1
运动只靠坚持，不讲方法,1
儿童睡眠不足会影响生长激素分泌,0
代餐食品应科学评估成分是否满足基础代谢,0
睡觉脚朝西不吉利,1
使用安全套会致癌,1
打手枪导致肾功能衰竭,1
低脂肪饮食未必更健康关键在脂肪种类,0
近视手术安全有效需个体评估,0
性病可发生于任何性取向的人群,0
晚睡早起比早睡早起更有效率,1
心理问题可以通过治疗得到有效缓解或治愈,0
慢性病就是养不好只能靠药拖着,1
“体寒”不是现代医学诊断标准,0
药酒泡得越久药效越强,1
艾灸存在烫伤等风险不可频繁无序操作,0
近视手术会掉视力,1
儿童营养需求需在专业指导下补充,0
晚上看手机屏幕没关系,1
隔着玻璃晒太阳无法促进人体对钙的吸收,0
适度运动可改善癌症患者体能与生活质量,0
倒头就睡代表身体健康,1
正常食用腐乳不会致癌,0
无籽水果不是打了避孕药。,0
每天眼药水代替休息也可以,1
自残行为通常源于极度痛苦需支持与干预,0
熬夜可能加重眼干、疲劳与近视风险,0
野生鱼不一定更好,0
鸡蛋每天最多只能吃一个,1
打哈欠会把脑子氧化,1
中药调经一定有效,1
感冒了出汗就会好,1
性冷淡可通过医疗咨询与伴侣沟通改善,0
减肥越快效果越好,1
跑步后不能马上喝水,1
边走路边喝水伤肾,1
跳舞可提高心肺和协调性,0
跳绳有助心肺但不会直接增高,0
面色苍白就是贫血,1
降压药不成瘾长期使用是控制手段之一,0
运动后食欲变化因人而异,0
不出汗说明运动无效,1
个别人可能对精液蛋白质过敏较为罕见,0
连续熬夜几天没事只要之后休息,1
正规疫苗均经过国家药监审批核发,0
经络不通百病皆生,1
百会穴常用于宁神醒脑但不是智力治疗点,0
走路驼背能消耗热量,1
耐力训练与抗阻训练结合更有利于减脂塑形,0
高钙奶含有更多的钙，但其钙质多为添加的碳酸钙或乳酸钙，吸收率低，补钙效果不显著,0
癌细胞怕氧气常做深呼吸能治病,1
焦虑说明你不成熟,1
指甲上的月牙是健康晴雨表,1
关节炎的发病机制较为复杂，可能与免疫、遗传、感染、代谢等多个因素有关，因此并不能说关节炎就是由湿冷天气引起的。,0
穿红衣服能驱邪气,1
感冒就是病毒感染吃抗生素能好,1
不戴眼镜可以“锻炼”眼睛,1
手脚发凉就是气血不通,1
剖腹产的孩子免疫力差,1
夏季吃荔枝补气血,1
瑜伽可配合其他训练构建全面体能,0
馒头冷冻超过两天会有黄曲霉毒素，会致癌,1
鸡蛋壳的颜色和鸡的品种有关，与营养价值没有关联,0
坐飞机会导致中耳炎,1
生姜红糖水能治所有感冒,1
合理隔离是切断传播链的重要手段,0
经常睡午觉会变胖,1
红枣和虾同食会引发皮炎,1
童年经历可能深远影响成年心理,0
性交时间越长越健康,1
喝碱性水能逆转癌症,1
疫苗有毒应避免注射,1
不饿的时候不吃饭就一定不会胖,1
天气冷骨头会变脆,1
睡眠困难可通过行为疗法改善,0
轻度散光需关注高散光应及时矫正,0
并不是运动半小时以上才有效果,0
热水泡脚等于补阳气,1
小番茄是转基因产物,1
焦虑只是懒惰的表现,1
断骨增高不能帮助快速长高,0
孩子长不高是因为不补钙,1
卧室放绿植有助于睡眠,1
节食三天可以瘦一圈,1
深色蔬菜富含抗氧化物可适当摄入,0
乳糖不耐受不等于不能喝奶,0
喝红酒能抗氧化还能减肥,1
拔罐出紫印说明体内湿寒重,1
癌症是手术引发扩散的,1
初学者可自学入门后再考虑教练指导,0
晚饭不吃就一定能瘦下来,1
用酸奶灌肠可以清除脂肪,1
降压药可以按照正常服药时间服完后再进行体检，避免造成血压波动过大，还可同时评估降压药物的治疗效果；而有些需要随餐服用的降糖药则不应空腹服用，一般建议随身携带降糖药，待完成空腹项目后进餐时服用，这样既保证了服药效果，又检测了真实的空腹血糖。,0
糖尿病患者需结合血糖、饮食、运动动态管理,0
红肉适量摄入有利补铁不等于不健康,0
吃酱油会变黑，喝牛奶能美白。,1
心理问题可通过早期干预有效缓解,0
果汁含糖量高不建议代替水果摄入,0
冰箱里的水不能直接喝,1
碳水是脑部和身体的主要能量来源不应完全剔除,0
疫苗无法真正防病,1
空腹运动需谨慎避免低血糖风险,0
游泳可增强肌耐力改善姿态,0
大蒜虽含抗菌成分但不能代替治疗,0
心理疾病可与躯体疾病同时发生需协同治疗,0
核酸阳性需结合症状判断是否为新冠,0
早餐摄入蛋白质有助于增强饱腹感和控制体重,0
